batch_pred,batch_y
9.545061,9.9804945
10.180274,10.768506
9.85074,11.002116
9.648162,9.975855
10.052324,10.308986
9.378836,10.175459
9.839772,10.308986
9.846545,10.819798
9.847087,10.308986
10.431702,10.859018
9.712489,10.532123
10.034888,10.532123
9.8717165,10.463132
10.574507,10.021315
9.884297,10.126671
10.113657,9.903538
9.810406,10.221977
9.545676,10.59666
9.940311,10.021315
10.082762,10.915107
9.870039,10.532123
10.072076,10.657283
9.531941,10.621157
9.729081,10.8685875
9.517461,10.818197
10.234809,10.043293
10.263132,10.275085
10.095503,10.068663
10.122534,9.811427
10.052392,10.59666
9.289925,10.325515
9.971686,11.225244
10.31782,10.463103
10.320887,10.463103
10.2012825,11.082143
10.190932,11.225244
9.970488,10.714417
10.168711,10.463103
9.9848175,10.463103
9.989105,10.463103
10.160934,10.463103
10.295001,10.463103
10.319901,10.463103
10.274931,11.082143
10.328272,11.082143
10.164019,10.463103
9.753311,9.999752
9.84433,10.341775
10.41873,11.279744
10.206753,10.221977
9.795929,9.952325
9.999302,9.923339
10.074236,10.71444
9.79465,9.711176
9.992465,11.359786
10.059231,10.220376
10.350872,10.477316
10.182306,9.975855
10.152649,9.975855
9.980066,9.680407
10.15695,10.491302
10.093361,10.043293
10.072184,10.221977
10.218644,11.112463
9.485855,9.680407
9.710833,10.041117
9.921631,9.975855
10.378356,10.532123
10.196287,10.59666
9.923058,9.711176
10.120811,10.463132
9.998367,9.852247
10.058805,10.097779
10.160267,10.280999
9.696062,10.357775
10.170877,9.7981825
10.136745,10.280999
9.866327,9.852247
10.208494,11.279744
10.148328,10.021315
9.982985,10.308986
10.166704,9.555701
9.606985,9.82558
10.073814,9.680407
10.348023,10.505095
9.956078,9.952325
10.194582,10.915107
9.9442005,10.1849375
10.709737,10.819798
9.862265,10.609082
10.158966,9.998843
9.715136,10.077483
10.136942,10.165891
9.935073,10.021315
9.845274,10.913506
10.328253,9.765661
9.546018,9.64866
10.199675,9.528867
10.23649,10.5764065
9.794115,8.922392
10.014013,10.491302
10.086416,10.511921
10.046318,10.292179
10.298669,9.615872
9.965965,9.975855
9.901493,10.71444
10.343691,10.257694
10.044678,11.462064
10.012299,10.021315
10.095049,10.434145
9.9073715,9.998843
9.8525305,10.341775
10.274946,10.573187
9.8755665,9.7981825
10.002899,10.434145
10.293327,10.242848
10.217518,9.82558
10.114585,10.126671
10.064112,10.0533285
9.639273,10.126671
10.303019,11.238923
9.58164,10.308986
10.288822,10.363472
10.420677,10.257694
9.5257435,10.043293
10.095348,9.711176
10.223656,9.7981825
10.291636,9.510519
10.042765,9.711176
10.301537,10.140337
9.965731,10.420166
9.654239,9.952325
10.117924,10.389026
9.959364,10.59666
10.397963,10.532123
9.895968,9.741028
10.005017,9.770013
9.950338,10.747229
10.1866665,10.71444
10.117236,9.82558
10.21266,10.71444
9.623819,10.064798
10.288361,10.165891
10.078398,10.71444
10.195187,10.71444
10.12578,10.532123
9.926676,9.852668
10.154749,9.7981825
10.327744,10.021315
9.553982,10.163965
10.172884,10.0533285
10.100285,10.275085
10.236266,10.448744
10.169808,9.433564
10.283118,10.915107
9.895324,10.59666
10.248787,9.82558
10.124308,9.734891
10.142952,10.819798
10.197391,10.2036295
10.099595,10.085851
10.283592,10.308986
10.173867,9.903538
10.156375,10.021315
10.350283,10.59666
9.552385,10.651147
10.113394,10.819798
10.113395,10.165891
9.996304,9.839003
10.09347,10.329572
10.227318,10.0533285
9.949244,10.389026
10.262072,10.463132
9.611099,10.097779
10.314894,10.915107
9.9460125,10.021315
10.007086,10.645449
9.585613,10.097779
10.264284,9.66148
9.609411,9.680407
10.141346,9.975855
10.034932,10.71444
10.131497,10.463132
10.104248,9.903538
10.088707,10.165891
10.100948,9.952325
9.97397,10.064798
9.974302,10.657283
9.828695,10.532123
10.155978,9.510519
9.789999,10.657283
9.969599,9.711176
10.4997,11.156265
10.128294,9.765661
9.920263,10.165891
10.307815,9.998843
9.735877,10.389026
10.232248,9.952325
9.95319,10.532123
10.304548,9.510519
10.067713,9.755626
10.066181,10.308986
9.651793,9.952325
10.182478,10.59666
9.624347,10.097779
10.224411,10.463132
10.013814,10.221977
10.059614,10.559582
10.112787,10.152338
10.16,10.07538
9.500198,9.82558
9.886498,9.952325
10.058262,10.308986
9.828125,9.686637
9.768419,10.021315
9.687053,9.952325
9.612196,9.82558
9.322788,10.021315
10.329039,10.992066
9.35677,10.434145
9.900198,10.373523
10.084244,10.239996
9.95821,10.627431
10.075807,10.126671
9.870302,9.557541
9.7620945,9.615872
9.667709,9.615872
10.183147,11.434975
9.555727,10.78934
10.480333,10.463103
9.811699,9.615872
10.385238,10.888838
9.727291,9.433564
10.081851,9.770013
9.8787155,9.770013
10.202675,10.72549
9.845427,9.878221
10.246488,10.72549
10.3607,10.968216
10.158651,10.532123
10.262438,10.819798
10.134886,10.558439
10.262956,11.042938
9.734524,10.819798
9.850486,11.258046
10.09577,11.289794
9.603662,10.112451
9.953625,10.915107
9.985731,11.002116
9.907803,10.237779
9.957361,10.819798
10.329464,11.082158
10.227204,10.532123
9.909838,10.532363
9.986904,9.903538
10.056808,10.532123
9.9504175,10.126671
10.140853,10.59666
9.408436,10.153195
9.926512,9.9804945
10.09547,9.952325
9.8710985,10.203592
9.954449,10.809748
10.2154255,10.518701
9.829647,10.657283
10.075771,10.538767
9.919159,10.558439
10.027619,10.778977
10.221319,9.958023
10.038593,9.928229
9.377115,10.153195
9.626734,10.265349
10.098616,10.7987795
10.073647,10.691968
10.200969,10.571342
10.204067,9.852247
10.000911,10.045031
9.693624,10.855937
10.096912,10.389026
10.124882,11.407576
10.259869,10.389026
10.120949,10.239996
10.259067,9.770013
10.152395,10.463132
10.204066,10.927394
10.080693,9.952325
10.136478,10.657283
10.064291,9.852247
9.9183035,10.768506
10.19981,9.7981825
10.259769,10.657283
9.987354,9.952325
9.91188,10.532123
10.249935,10.389026
9.857595,10.332702
9.961946,10.165891
10.060299,10.532123
9.948167,10.193991
10.006521,10.7987795
10.190418,9.711176
10.002237,10.389026
10.158981,9.741028
10.222054,10.907807
10.071346,10.275085
10.326661,10.249946
10.015429,10.085851
10.284653,10.819798
9.824213,10.809748
10.027192,10.357775
10.33416,10.308986
10.070734,10.448744
10.047097,10.162808
9.992941,10.628158
10.363453,10.532123
9.910902,10.357775
10.058431,10.1849375
9.826314,10.59666
10.134643,9.862718
10.248424,11.056603
10.200246,10.463132
10.191875,10.532123
9.986852,10.448744
10.316179,10.657283
10.163654,10.268166
10.214457,10.768506
10.143639,10.422311
10.100765,10.239996
10.33795,9.472781
9.999842,10.064798
10.345947,10.1849375
9.902426,10.341775
9.898648,10.609082
10.290901,10.450481
10.15848,10.165891
10.221384,9.903538
10.175432,10.628158
9.962264,10.234265
9.897282,10.064798
10.135884,10.332702
10.02589,10.657283
10.022558,10.021315
10.023172,10.357775
10.023838,11.407576
9.638506,9.911506
10.079725,10.221977
9.765339,10.308986
10.1065445,10.064798
10.226575,10.357775
10.241991,10.043293
10.229847,10.645449
10.146863,9.975855
10.186466,10.389026
9.777555,10.419331
9.88462,10.532123
10.085449,10.126671
9.939605,10.915107
10.362284,10.297251
10.291502,10.341775
10.146545,10.657283
9.865101,10.874286
10.32674,10.221977
10.133751,10.165891
10.096883,10.463132
10.009506,10.491302
10.135927,10.71444
10.2648735,10.357775
10.059057,10.491302
9.53829,9.911506
10.120332,9.757363
9.989813,9.903538
10.016293,11.042938
9.884659,10.657283
9.895191,10.657283
10.369884,10.505095
10.189487,10.085851
10.105299,10.389026
9.856286,10.959558
10.156195,10.275085
10.315496,10.221977
9.926176,9.964159
10.432822,10.275085
10.125227,11.082158
10.015642,10.045031
10.134706,10.021315
10.111418,10.389026
9.736278,10.404293
9.883072,10.275085
10.259443,11.156265
10.027454,10.332702
10.269623,10.389026
9.902364,10.126671
10.001421,10.002473
9.81753,10.633472
9.969469,10.2036295
9.946472,10.05608
10.024487,10.463132
10.03936,10.239996
9.89604,10.2036295
10.439379,11.002116
10.198471,10.463132
10.017702,10.532123
10.110548,10.532123
10.334907,9.536113
10.143011,10.021315
9.961613,10.234265
10.136605,10.657283
9.881638,10.308986
10.1483345,10.71444
10.192144,10.1849375
9.743532,9.9804945
10.098713,10.463132
9.837294,10.818197
10.033539,10.68627
10.033319,10.239996
10.140737,9.741028
10.148922,10.085851
10.263065,9.903538
10.184196,10.308986
9.975945,10.126671
10.009148,10.221977
9.88377,10.1849375
10.213817,9.975855
10.23184,9.862718
9.979563,10.059679
10.219622,10.181157
10.165701,10.165891
10.047701,10.221977
10.241608,10.463132
10.351751,10.275085
9.989998,10.106469
10.204939,10.673619
10.178593,10.819798
10.052936,9.865318
10.023123,9.865318
10.170043,10.176601
9.81991,10.389026
9.896169,10.558439
9.564384,10.308986
10.021784,9.865318
10.072096,10.633472
10.160353,10.308986
10.168165,10.463132
10.070781,11.115443
9.934065,11.324196
10.160259,9.852247
10.14383,9.975855
10.229942,9.755626
10.101352,9.581973
10.37476,10.043293
10.383004,9.472781
10.090944,10.221977
10.2414665,10.221977
10.105585,10.165891
10.3210335,9.64866
10.002127,10.1849375
10.155011,10.463132
10.115849,10.239996
9.962767,10.1849375
9.899536,10.106469
10.065378,9.903538
9.928803,10.532123
9.821346,10.199175
9.712288,10.532123
9.927916,9.711176
9.85256,10.257694
10.095551,10.819798
9.720316,10.341775
9.92528,10.532123
9.519565,10.275085
10.227947,10.221977
10.123228,10.768506
9.866421,10.819798
9.949474,10.389026
9.903265,10.221977
10.162751,10.389026
9.84027,10.106469
10.089529,10.434145
10.357521,10.448744
9.9734955,9.380168
9.653416,10.221977
10.275739,10.680539
10.175627,10.146473
10.02036,10.221977
9.900087,10.2036295
10.199368,10.404293
10.249033,10.106469
9.979132,10.021315
10.000416,10.389026
9.769602,10.221977
9.8555155,10.268166
10.2662735,10.59666
10.392963,10.819798
10.116892,10.419331
10.019749,10.59666
9.70574,10.021315
9.98518,10.59666
10.143604,11.002116
10.271395,10.463132
9.990732,10.2036295
10.237126,10.657283
10.03421,10.357775
10.184288,10.275085
9.765537,10.633472
10.248909,10.308986
10.132475,11.119898
9.849297,11.191356
9.783574,9.615872
10.054532,10.419331
9.789036,10.819798
10.077688,10.085851
9.965519,10.422579
9.949112,10.156229
10.241966,9.392745
10.344683,10.106469
10.337318,9.683776
10.217639,10.519889
10.386191,10.519889
10.07785,10.0299
10.220916,10.477316
10.30557,10.491302
10.356679,10.257694
10.341753,9.896614
10.2225685,10.126671
10.0093,9.787123
10.081097,10.308986
10.217012,10.71444
10.266539,9.903538
10.131689,10.404293
10.494332,10.518701
10.367922,10.657283
10.177026,10.453082
9.646885,10.255165
10.441899,10.126671
10.2027645,10.809748
10.178303,10.538767
10.288037,9.911506
10.374068,10.308986
10.086821,10.06951
9.951883,9.878221
10.122362,10.07538
10.22024,10.381243
9.80558,10.463132
10.353255,10.768506
10.316706,9.852247
10.183357,10.308986
10.263143,9.896614
10.323061,10.071287
10.209349,10.507913
10.341566,10.423917
10.156002,10.4174185
10.292729,10.878066
10.105185,9.903538
10.265717,11.512936
10.2548895,10.221977
10.021185,10.389026
10.1516285,9.903538
9.967928,10.292179
9.936448,10.2036295
9.898391,9.903538
9.913828,9.89096
10.060977,9.903538
9.673833,9.903538
10.311586,9.770013
9.904138,9.852247
10.299398,9.903538
9.8503895,9.998843
10.007612,9.998843
9.83634,10.2036295
10.1675205,9.770013
10.108963,9.770013
10.170231,9.839003
9.817101,9.528867
9.804653,9.528867
9.956928,9.903538
10.130051,10.59666
10.132547,9.615872
10.313353,9.878221
10.190732,10.239996
10.152643,10.959558
10.228996,11.407576
10.289261,11.119898
10.186394,11.407576
9.91605,11.407576
10.168827,11.289794
10.145593,11.191356
9.933722,11.407576
10.451812,10.419331
10.245903,11.472114
10.305279,10.915107
10.413343,11.002116
10.347323,10.8685875
10.302203,11.119898
10.284349,10.8685875
10.182131,11.608245
10.316704,10.555839
10.216546,11.379406
9.89661,11.225257
10.439075,11.407576
10.194343,11.289794
10.262553,9.729194
9.538244,10.819798
10.361816,10.645449
9.888558,10.819798
10.341333,11.320565
10.473421,10.768506
10.501343,11.156265
10.191739,11.320565
10.0583725,10.703267
10.43239,11.042938
10.026463,10.59666
10.081317,11.350418
10.304533,10.915107
10.25668,10.657283
9.845875,10.59666
9.980401,11.042938
10.155368,11.191356
10.331732,10.768506
10.213437,11.156265
9.86705,10.545368
10.196415,10.308986
10.429718,11.156265
10.327505,10.819798
10.204807,11.156265
9.800917,11.002116
9.846653,10.933125
9.815845,10.268166
9.728368,10.268166
10.051434,10.308986
10.2895355,10.758775
10.159943,11.060385
10.081977,11.407576
10.067784,11.002116
9.728783,11.380548
9.688719,11.184435
9.728355,9.862718
10.022575,10.085851
10.082155,10.532123
10.168132,11.041337
10.200823,10.673619
10.289789,10.532123
10.284533,10.71444
10.266524,10.768506
10.268137,10.165891
10.265177,10.257694
10.052714,9.433564
10.106096,10.021315
9.959707,10.221977
9.935503,10.532123
9.72904,10.532123
10.156861,10.308986
10.100654,10.71444
10.190877,10.59666
9.90926,10.477316
10.316565,10.768506
10.066963,10.819798
10.244229,10.1849375
10.098869,10.532123
9.924711,10.2036295
9.972107,10.043293
10.290073,10.248884
10.114739,10.59666
10.150428,10.043293
10.027209,10.142544
10.103634,10.491302
10.104137,10.308986
10.113806,10.221977
9.97513,10.021315
10.316061,11.004114
10.071785,10.308986
10.07469,11.258046
9.884399,11.082158
10.03262,9.964159
10.029123,11.320565
9.916367,11.042922
10.211695,11.042922
9.651001,11.379395
10.426134,11.042922
9.834997,11.042922
10.421647,11.379395
10.158877,11.379395
10.081754,11.042922
10.302291,11.042922
10.295526,11.042922
10.226086,11.379395
9.77273,11.042922
10.182581,11.042922
10.0082655,11.042922
10.275732,11.042922
10.225031,11.042922
10.232878,11.379395
10.019659,11.042922
10.184968,11.042922
9.934801,11.042922
9.972341,11.042922
10.008116,11.042922
10.233797,11.042922
10.302384,11.042922
10.289,11.042922
10.140837,11.042922
9.974371,9.7981825
10.172969,10.389026
10.46977,11.002116
10.101124,10.085851
10.306599,10.389026
10.142455,9.770013
10.205069,10.768506
10.213225,11.191356
10.384302,10.768506
10.392933,11.156265
10.496094,10.959558
10.493345,10.463132
10.371115,11.041337
10.614428,10.308986
10.341939,10.71444
9.885634,10.736419
9.900199,10.126671
10.300455,9.952325
10.347532,10.78934
10.266905,9.952325
10.034289,10.126671
10.106495,10.2036295
9.767406,10.357775
10.252871,10.491302
10.017303,10.819798
9.329906,9.975855
9.914196,10.59666
9.828586,10.2036295
10.32503,10.532123
10.415973,10.389026
10.135177,10.221977
10.2309265,10.768506
10.372858,9.928229
9.663885,11.225257
9.663885,11.225257
9.663885,11.225257
9.86459,11.002116
9.746727,11.002116
9.746727,11.082158
10.566553,11.002116
10.286209,10.71444
10.318544,10.71444
10.125932,10.463132
10.119076,10.463132
10.186313,11.191356
9.941486,11.350418
9.979349,10.126671
10.068575,11.097425
10.314957,10.59666
10.402491,10.292179
10.390787,10.59666
10.353762,10.404293
10.378107,11.002116
10.334923,10.8685875
10.412081,9.615872
10.146452,9.878221
10.316898,10.768506
10.190756,9.615872
10.258233,10.463132
10.347632,10.389026
10.313555,10.768506
10.234701,10.59666
10.209771,11.472114
10.14231,10.257694
10.345077,10.950824
9.8036785,11.097425
9.877794,10.532123
10.36328,11.191356
10.179888,11.790565
10.301622,9.975855
10.160353,11.191356
10.46833,10.819798
10.128025,10.308986
10.248626,10.199175
10.224804,10.064798
10.40756,10.518701
10.392113,10.768506
10.3052025,10.819798
10.328129,11.338584
10.279112,11.338584
10.25548,10.404293
10.048206,10.571342
10.168955,10.59666
10.365942,10.71444
10.244936,11.338584
10.214167,11.082158
10.33585,11.002116
10.180504,10.874286
10.34894,11.042938
10.33393,10.165891
9.857361,10.819798
10.179945,10.404293
10.355625,11.042938
10.306678,10.819798
9.912868,10.71444
10.191114,10.126671
9.980315,9.903538
10.21534,10.126671
10.06001,10.126671
9.918803,11.512936
10.255507,10.165891
10.06435,10.308986
10.425652,10.768506
10.084452,10.8685875
10.083008,10.389026
10.08423,10.389026
10.159875,10.71444
9.973343,10.657283
10.192911,10.59666
10.045469,10.8685875
10.252642,10.59666
10.236797,11.002116
10.149139,10.819798
10.284723,10.645449
10.298664,10.915107
10.3000145,10.463132
10.217964,10.59666
10.265602,10.389026
10.225702,10.021315
10.3781805,10.404293
10.353199,10.819798
10.217058,10.357775
10.3298435,10.538767
10.119317,11.082158
9.8411665,11.042938
10.068364,10.126671
10.4268265,10.915107
10.351177,11.002116
10.273566,10.59666
10.168978,10.463132
10.169727,10.021315
9.991156,10.463132
10.192348,10.915107
10.140841,10.896758
10.259115,10.71444
10.41819,10.532123
10.233658,10.778977
10.317125,10.530521
9.963482,10.736419
9.939494,10.389026
9.978952,10.915107
10.234931,10.221977
10.190693,10.275085
9.982243,10.165891
10.234095,10.389026
10.169871,10.450481
10.038709,10.768506
9.868187,11.002116
10.07445,10.915107
10.493528,10.768506
10.130205,10.532123
10.226862,10.8685875
10.028347,11.082158
10.379367,9.903538
10.12501,9.903538
10.257475,10.819798
10.220144,10.463132
10.234199,10.221977
9.972009,9.952325
10.298309,10.106469
10.100775,10.448744
9.996583,10.463132
10.344561,10.300954
10.229734,11.225257
10.199354,11.340012
10.257462,10.758775
10.401311,10.373523
10.225992,10.915107
10.33665,10.234265
10.212859,10.434145
10.232494,10.268166
10.363028,10.463132
10.07749,10.1849375
9.84807,11.14031
9.857976,11.104972
10.222883,10.463132
10.558181,10.959558
10.313459,10.393325
10.053263,10.156229
10.066455,10.71444
10.187161,10.915107
10.13773,11.289794
10.234238,10.8685875
9.851444,10.464274
10.134323,9.998843
10.2945595,10.819798
10.401009,11.082158
10.280973,10.463132
10.257342,10.609082
10.345062,10.59666
9.896545,10.389026
10.293379,10.450481
10.271503,10.221977
10.189926,10.239996
10.265977,10.532123
10.318384,10.463132
9.914028,10.71444
10.24924,10.959558
10.251156,10.915107
10.192228,10.59666
10.0289135,10.915107
10.356232,10.657283
10.295343,10.357775
10.046599,10.463132
10.262782,9.82558
10.224058,10.532123
10.530641,10.959558
10.259657,10.758775
10.360601,11.184435
10.196579,9.998843
10.02796,10.915107
10.102107,10.532123
10.25951,10.787503
10.382654,10.59666
10.384588,10.657283
10.084357,10.532123
10.372766,10.71444
10.277009,10.8685875
10.134425,10.505095
10.057058,9.975855
10.213779,10.961295
10.357046,10.47788
10.167669,11.082128
10.05685,10.389026
10.230082,10.463132
10.320136,10.463132
10.192562,10.257694
10.149967,10.404293
10.178411,10.71444
10.214245,11.042938
10.161042,10.819798
10.1247225,10.146473
10.271475,11.082158
10.359487,10.325515
9.955143,10.463132
10.158439,10.8685875
10.2884865,10.308986
9.704908,10.021315
10.144535,10.043293
9.937026,10.59666
9.839758,11.082158
10.290373,10.59666
10.352121,10.221977
10.116862,10.915107
10.318459,10.71444
10.247195,10.59666
10.125875,11.407576
10.045605,10.021315
10.06386,10.609082
10.171237,11.184435
10.058737,10.657283
10.122024,10.532123
9.858852,10.959558
10.10826,9.7981825
10.094732,10.691968
10.393017,10.651147
10.154429,10.12507
10.276158,10.450481
10.102646,10.419331
9.915848,11.002116
9.834837,10.71444
10.30415,10.558439
10.274855,10.532123
10.157562,10.532123
10.213825,10.239996
10.379044,10.126671
10.390415,10.555839
10.421643,10.71444
10.165176,10.896758
10.202431,10.251359
9.69849,9.433564
10.327747,10.571342
9.990864,9.546884
10.217749,10.657283
9.767963,9.839003
10.497776,10.2036295
10.248312,10.373523
10.422372,10.325515
10.227896,10.165891
10.289154,10.085851
10.464483,10.2036295
10.145005,10.657283
10.180352,10.532123
10.13106,10.915107
10.062883,10.71444
10.111813,9.903538
9.665567,9.975855
10.3377,10.221977
10.341742,10.8685875
10.028505,11.512936
9.91684,9.839003
9.7942095,9.839003
9.810385,10.165891
10.299333,10.68627
10.200398,10.59666
10.037065,11.225257
10.041832,11.320565
10.203459,10.8685875
9.95682,10.71444
10.1993885,10.59666
9.867228,10.959558
10.152134,10.849357
10.414766,10.146473
10.203031,10.308986
10.195608,10.959558
10.186462,11.512936
9.817411,10.021315
10.087994,10.657283
10.250899,10.703267
10.387419,10.819798
10.224972,10.657283
10.270056,10.085851
10.379991,11.002116
10.235324,10.819798
10.263592,11.082158
10.164377,10.71444
10.347141,10.532123
10.153776,10.71444
10.283305,11.002116
9.96739,10.146473
10.025511,10.463132
9.925854,10.389026
9.536569,9.998843
9.504065,10.2036295
10.479185,10.532123
10.383354,10.633472
10.403101,10.645449
10.083796,10.463132
10.2222805,11.115443
10.17795,10.819798
10.334191,10.373523
10.294134,10.959558
10.157737,9.573316
10.203217,9.528867
10.16709,10.448744
9.956661,10.064798
9.947289,11.119898
9.958469,9.852247
10.014266,9.975855
10.092705,9.903538
10.449806,9.928229
10.110268,9.7981825
10.10667,10.8685875
10.29613,11.002116
10.252277,10.463132
10.277661,10.657283
10.385474,10.165891
10.096828,10.532123
10.252135,10.308986
10.236004,10.156229
10.221205,10.389026
9.936718,10.389026
10.394239,10.389026
10.394043,9.852247
10.428452,9.878221
10.219391,10.463132
10.223623,10.275085
10.10752,11.289794
10.099726,10.8685875
10.143211,9.881804
10.266346,9.975855
10.1178665,10.275085
10.342666,10.915107
10.247658,10.657283
10.336586,11.002116
9.730835,10.308986
10.274293,10.809748
10.160841,10.59666
10.1860285,11.002116
10.197894,10.607896
10.129458,10.505095
10.105058,9.573316
10.160805,9.528867
10.3229885,11.082158
10.223629,9.615872
10.042381,9.852247
10.150946,10.221941
10.377859,10.455964
9.962542,10.59666
9.970522,10.657283
9.875362,10.308986
10.024094,10.239996
10.012119,11.042938
10.147563,9.998843
10.084004,9.82558
9.870242,10.389026
10.374439,10.308986
10.2888,10.463132
10.10523,10.308986
10.066715,11.002116
10.086196,10.768506
10.111299,10.165891
10.3070345,10.146473
10.278396,10.021315
10.332851,9.7981825
10.396012,10.357775
10.010725,11.225257
10.368576,10.59666
10.176811,11.002116
10.09829,9.680407
10.127496,9.878221
9.989119,9.878221
9.97513,10.915107
10.087661,10.8685875
10.1324005,9.975855
9.746718,9.878221
10.136767,9.928229
9.983446,9.998843
10.292421,9.7981825
9.906798,9.998843
10.23711,9.770013
10.114073,10.126671
9.686028,9.6959095
10.382883,10.1849375
10.08847,9.975855
10.113127,10.126671
10.261696,10.021315
10.146984,9.7981825
10.402614,10.463132
10.222977,9.741028
10.067087,10.373523
10.216339,10.126671
10.095396,10.2036295
10.103489,9.7981825
10.035406,9.806481
10.341507,11.082158
10.094805,9.975855
10.015413,10.126671
10.110188,10.325515
9.793493,9.680407
10.247038,10.2036295
10.165771,10.043293
9.79987,9.852247
10.099888,9.7981825
10.195293,9.878221
10.238831,10.021315
10.437819,10.064798
10.113045,9.680407
9.900685,9.680407
9.632814,9.711176
9.746333,9.680407
9.750524,9.510519
9.722075,9.7981825
10.062193,10.389026
9.828529,9.741028
9.808646,9.975855
10.053253,10.419331
9.852763,9.7981825
9.969978,10.043293
9.836037,10.126671
9.988695,10.165891
9.9881,10.389026
10.01606,9.711176
10.041014,9.64866
9.806427,10.085851
10.239342,10.07116
10.408409,10.308986
9.835459,10.085851
10.240614,9.4697
9.985859,10.341775
10.169004,10.389026
9.841253,10.126671
9.977619,9.64866
9.710632,10.126671
9.543648,9.711176
9.617402,9.64866
9.891458,9.711176
10.299423,10.463132
9.73102,9.680407
9.6146145,9.770013
9.900304,9.903538
9.726918,9.581973
9.758188,10.064798
9.790457,9.998843
10.117811,9.4697
10.471796,9.862718
9.901151,10.1849375
10.185977,9.4697
10.156931,9.4697
9.918465,9.928229
9.760361,10.021315
9.735439,10.292179
10.139746,10.221977
9.605613,9.581973
9.929821,9.903538
9.619448,9.60245
9.751308,10.59666
10.089079,10.126671
10.091444,10.085851
9.789549,9.928229
9.924898,9.64866
9.837902,9.7981825
10.103367,10.021315
9.9608965,9.770013
9.993618,10.126671
10.398655,10.505095
9.925894,9.852247
10.246905,10.657283
9.890655,10.463132
10.137782,9.903538
9.946318,10.126671
10.146572,10.221977
9.804439,9.975855
9.965475,9.903538
10.166456,9.903538
10.061529,10.085851
10.204502,10.221977
10.092754,10.463132
9.698406,10.126671
9.922816,9.541154
10.030361,9.784197
10.040558,9.903538
10.162502,10.221977
9.83929,9.680407
9.844062,9.852247
9.816842,9.903538
10.034435,10.165891
10.155898,10.71444
10.0394945,11.119898
9.977332,10.221977
10.227209,10.357775
10.2898445,10.373523
10.16276,10.064798
10.154507,9.903538
10.072564,10.59666
10.039501,10.463132
10.224399,10.152026
10.40522,10.221977
10.363619,10.126671
10.069719,9.546884
9.993797,9.510519
10.014294,9.546884
10.088524,10.419331
10.173744,9.878221
10.256893,10.571342
10.073532,9.546884
9.87413,9.554001
10.121242,10.021315
9.6956215,9.546884
10.176124,11.407576
10.171276,9.928229
10.1125145,10.239996
10.344145,10.389026
10.383319,11.1947975
10.289989,11.248973
10.101662,11.042938
10.212177,10.915107
10.219736,10.657283
10.023438,9.928229
10.275204,10.532123
10.347374,10.915107
10.293915,10.59666
10.144669,10.71444
10.480581,9.755626
10.320773,10.221977
9.884459,9.680407
10.181133,10.021315
9.687149,10.308986
10.278971,10.71444
10.519904,10.8685875
10.235408,9.7981825
10.468887,10.959558
10.083614,10.126671
10.306054,9.7981825
10.199104,10.126671
10.019055,9.770013
10.041882,9.770013
10.166981,10.668979
10.047606,9.903538
10.253803,9.770013
10.297382,10.357775
10.057497,10.463132
10.008074,9.793729
10.192663,9.928229
10.362011,11.002116
10.148588,10.021315
10.141453,9.711176
10.387761,10.768506
10.370997,10.768506
10.046837,10.71444
10.188422,10.59666
9.8125515,9.964159
10.175339,9.680407
10.308578,10.558439
9.950182,9.711176
10.082338,10.59666
9.953163,10.373523
10.158427,10.292179
10.121883,11.191356
10.012323,9.852247
10.643654,10.558439
10.330832,10.126671
10.175708,10.657283
10.414637,10.450481
10.303707,10.165891
9.602061,9.987415
9.602061,10.021315
10.311826,9.615872
10.27531,10.477316
10.310928,10.71444
10.294301,10.657283
10.06089,10.275085
10.361015,10.463132
9.994377,10.518701
9.97431,10.165891
10.212883,9.392745
10.292751,10.341775
10.206436,10.116621
9.9974165,10.126671
10.067164,9.639587
10.319965,10.389026
10.412055,10.221977
10.021418,10.2036295
10.188644,10.292179
9.954583,10.308986
10.266315,10.165891
10.294869,10.028224
10.262831,9.911506
10.093149,9.711176
10.312904,11.119898
9.7136,10.915107
10.131866,9.998843
9.713856,9.584314
10.107522,10.2036295
10.331731,11.156265
10.142978,9.615872
10.220987,10.71444
10.1685705,9.952325
10.484205,10.239996
10.439442,10.221977
10.193232,9.564583
10.237883,10.532123
10.170897,9.862718
10.253894,10.71444
10.303927,10.239996
10.156825,10.341775
10.155226,9.928229
9.960288,9.541154
9.536381,9.575053
10.036365,10.59666
10.008854,9.371694
10.238707,9.770013
10.29705,10.59666
10.200441,10.043293
9.974601,10.308986
10.216934,9.998843
10.241682,10.532123
9.970045,9.852247
10.1866455,9.7981825
10.069934,10.308986
10.129529,10.126671
10.111864,10.59666
10.26982,10.357775
10.270754,9.998843
10.247728,9.592264
9.905537,10.59666
10.049178,9.519515
10.0089,10.126671
9.940192,10.021315
10.268795,10.819798
10.335497,10.532123
10.235783,10.558439
10.212542,9.506065
9.596191,9.770013
10.305602,10.915107
10.222409,10.463132
10.171347,10.021315
10.508524,10.555839
10.236803,10.532123
10.227901,10.335173
10.323479,9.506065
10.167806,10.308986
10.169146,10.498222
10.026562,9.639587
10.020587,10.657283
9.99745,10.275085
10.215309,10.532123
10.173163,9.928229
10.105871,10.59666
10.295717,10.393325
10.0349655,10.59666
9.876761,9.159152
10.044082,10.165891
9.827293,9.998843
10.093269,10.768506
10.193022,11.002116
10.232621,10.959558
9.677384,10.221977
10.051892,10.874286
10.046016,10.064798
9.945238,9.615672
9.325872,11.350418
10.50787,10.819798
9.993487,11.002116
9.8964405,10.308986
10.329836,10.463132
10.268997,11.512936
9.817985,10.463132
10.049567,10.532123
10.195963,10.839601
9.866863,10.768506
10.00215,9.770013
10.341604,10.325515
9.8679285,10.768506
10.180849,10.657283
10.008371,10.657283
10.147072,10.221977
10.220253,10.389026
9.927425,10.085851
9.980098,10.146473
9.9381695,10.308986
10.416462,10.308986
10.3168,10.389026
10.263493,10.976799
9.889729,9.615872
9.9269085,9.615872
9.876952,10.308986
10.024435,10.021315
9.713096,11.002116
9.760834,11.002116
10.059611,10.165891
9.789336,9.903538
9.867422,10.389026
9.712509,10.308986
10.066459,10.59666
9.634977,9.852247
9.698659,10.043293
9.920249,9.7981825
9.999336,10.021315
10.225223,10.116621
10.215193,10.491302
9.615714,10.045031
10.104425,10.78934
9.897002,10.308986
10.22934,10.463132
10.185581,10.59666
10.377879,10.621352
10.1759205,9.64866
10.030525,10.621352
10.207272,9.952325
10.288849,10.308986
10.180462,10.571342
10.318941,10.434145
10.2322,10.59666
10.15622,9.998843
10.533943,10.8685875
9.863957,11.042938
9.972496,10.221977
10.093236,10.72549
9.746807,9.462266
10.071665,9.670357
9.970487,9.4697
10.076012,9.82558
10.44725,9.952325
10.050278,10.389026
10.166792,11.002116
10.408638,10.819798
10.162005,9.741028
10.336467,10.268166
10.228594,10.768506
10.301584,10.021315
9.879391,10.404293
10.558367,11.042938
10.335124,9.952325
9.905411,10.532123
9.926916,9.210441
10.077396,10.657283
10.314821,10.389026
10.174725,9.952325
10.318155,11.233225
10.200113,10.1849375
10.482372,10.389026
10.288582,9.615872
9.972699,10.146473
10.250626,10.71444
9.926743,11.350418
9.946365,10.043293
10.345468,10.71444
10.199076,10.1849375
10.239607,9.9804945
10.34824,9.770013
10.486029,11.277216
9.881103,9.611664
9.875398,9.546884
10.10733,10.308986
9.920523,9.952325
10.489294,10.308986
9.993989,10.915107
9.805318,9.952325
10.123505,9.692828
10.062149,9.564232
9.712924,9.852247
10.023657,10.221977
10.319584,10.341775
9.896456,10.1849375
10.32279,10.221977
9.689066,10.463103
10.135593,10.043293
10.13709,10.043293
10.216959,10.389026
10.271965,10.532123
10.159857,10.275085
9.748545,10.126671
10.379047,10.389026
10.106342,9.82558
10.101391,10.085851
9.815526,11.338584
10.296459,10.463132
10.36131,10.2036295
10.233967,10.165891
10.365959,11.060385
9.975126,11.350418
10.398457,10.59666
10.281055,9.7981825
10.22134,11.350418
10.402343,9.82558
10.200827,10.463132
10.185543,10.2036295
10.067171,10.532123
10.345852,10.915107
10.116644,10.491302
9.762655,10.057452
10.006775,10.71444
10.468084,11.350418
9.947298,10.961295
10.153152,10.657283
10.180579,10.085851
10.314016,10.12507
10.313199,10.021315
10.175319,11.225257
10.325192,10.199175
10.077908,10.532123
10.422723,10.021315
10.248072,10.419331
10.294924,10.064798
10.28877,11.248973
10.342895,10.106469
10.2501955,10.373523
10.060077,10.657283
10.330774,11.289794
9.895777,9.7981825
10.263214,10.915107
9.942116,10.463132
10.302279,10.106469
10.169879,10.915107
10.085964,10.8685875
10.185878,10.768506
10.525087,10.915107
10.286962,10.389026
10.641401,10.959558
10.19269,9.639587
10.404617,10.221977
10.089796,11.086456
10.313644,10.633472
10.168037,10.332702
10.23754,10.308986
10.032541,10.819798
10.080575,10.341775
10.052394,9.903538
10.190994,9.7981825
10.092254,10.1849375
10.215017,10.7987795
10.227439,10.657283
10.407625,10.341775
10.389152,10.357775
10.080515,10.021315
10.145514,10.308986
10.396252,11.184435
10.073563,10.71444
10.175886,10.657283
10.145519,9.82558
9.729737,10.768506
9.90556,10.463132
9.673985,10.71444
9.814386,10.126671
10.258423,9.64866
10.243517,9.680407
10.198345,9.741028
10.284494,9.998843
9.956305,10.532123
10.334503,9.952325
10.115193,9.82558
10.2715645,9.800845
9.977856,10.768506
10.2511835,10.558439
10.138038,11.320565
9.914463,10.645449
10.057996,10.257694
10.18902,10.717103
10.0673275,10.915107
10.006812,10.59666
10.098163,10.085851
10.361385,10.308986
10.098412,10.005412
10.386208,10.389026
10.04624,11.225257
10.117495,9.878221
10.149157,10.874286
10.348571,10.457401
10.164551,10.308986
10.199536,10.308986
10.092039,9.770013
10.077108,9.770013
9.995189,9.6959095
9.920319,10.085851
10.268597,10.457401
10.115693,11.082158
10.039232,10.221977
9.816392,10.532123
9.903137,10.463103
10.379124,10.71444
10.39399,9.928229
10.402335,10.221977
10.126273,10.463132
9.854496,10.308986
10.13842,9.770013
10.09546,9.82558
10.37864,10.71444
10.460094,10.341775
10.625607,10.688051
9.819751,10.59666
10.043231,9.82558
10.230793,10.275085
9.763933,9.770013
10.138126,10.275085
9.976818,9.729194
10.485847,10.389026
10.446903,9.903538
10.566808,10.389026
10.394092,9.82558
10.165235,9.705097
9.90341,10.545368
10.024038,9.729194
10.081995,10.126671
10.514951,10.768506
10.318889,10.71444
9.908001,10.221977
10.313879,10.819798
10.317715,10.021315
9.814329,9.392745
10.098494,10.434145
10.468721,10.657283
10.030859,10.106469
10.442903,10.404293
10.369625,10.021315
10.241968,9.700208
10.003429,9.541154
10.017967,10.308986
9.900143,10.085851
10.443027,10.357775
10.305105,9.852247
10.321863,9.7981825
9.824505,9.878221
10.306709,11.156265
10.316785,10.474495
9.932237,10.532123
10.187208,11.407576
9.960247,9.741028
10.165123,9.852247
10.210186,10.085851
10.156619,10.463132
10.3253765,10.085851
10.099588,10.59666
9.836443,10.126671
10.071769,9.711176
10.037448,10.540091
10.155558,10.474495
10.316785,10.474495
10.197304,10.126671
9.99093,10.463132
10.174881,10.59666
9.923922,10.463132
10.054962,10.239996
10.273461,10.126671
10.395733,10.126671
10.262104,10.308986
9.845176,9.575053
10.09429,9.729194
9.686916,9.575053
10.157188,10.292179
9.973299,10.491302
10.0827875,11.407576
10.039488,9.65509
10.379456,10.308986
10.167231,10.165891
10.369352,10.221977
10.067278,9.852247
9.986555,9.928229
10.408542,10.571342
9.87413,9.64866
10.1089,10.747229
10.045586,10.71444
10.455446,11.366755
10.150099,10.404293
10.260574,10.434145
10.131766,10.370393
10.258144,10.045031
10.4494505,11.042938
10.107666,10.59666
10.096965,10.59666
10.037645,10.021315
9.797972,9.975855
9.918396,9.852247
9.88451,10.59666
10.42137,11.472114
10.521944,10.126671
10.379192,10.491302
10.303638,11.496806
10.077827,10.126671
10.394396,11.512936
9.926434,10.213285
10.006174,10.20474
10.439675,10.385173
10.250027,11.041337
10.082582,10.308986
10.229017,9.903538
10.312264,11.184435
10.253482,10.126671
10.0887985,11.512936
10.209529,10.422311
10.205631,10.457401
10.125213,9.3843775
10.305899,10.225607
10.127424,8.722417
10.221893,9.575053
10.0545845,10.268166
9.743508,10.457401
9.794023,10.457401
10.1258,10.257694
10.418574,10.027473
10.026302,9.680407
10.174696,10.280999
10.002207,9.575053
9.893879,9.399058
10.153632,9.542302
9.829184,9.093919
10.050161,10.901948
10.140892,9.66396
10.073467,9.621721
10.033871,10.23351
9.91182,10.917812
10.253618,11.082158
9.878786,10.23351
10.269159,11.082158
10.167797,11.002116
10.015148,10.23351
9.7108345,8.786762
9.798882,10.23351
9.791475,10.23351
10.062555,10.010366
9.922182,10.714973
10.06434,10.23351
9.517788,10.748776
9.885017,10.169767
10.221102,9.597913
10.138842,9.71764
10.215609,9.71764
10.326448,11.0260935
9.832836,10.457401
10.188896,9.583076
10.164215,9.406976
10.230051,10.754236
10.0854645,9.583076
10.201536,9.2680435
10.100025,9.490167
10.170433,9.537844
10.167281,10.268166
10.0535965,10.385944
10.216076,10.23351
10.064465,10.126671
10.156256,10.260008
10.106298,10.389026
10.029298,10.545368
10.360598,9.741028
10.38712,9.998843
10.329376,10.915107
10.332106,10.463132
10.17972,10.915107
10.270676,10.915107
10.259188,10.021315
10.350909,9.606765
10.052797,11.320565
10.332965,11.289794
10.258936,11.289794
10.470269,11.289794
10.065022,11.407576
10.784006,11.512936
10.3270445,11.472114
9.970842,11.472114
10.319901,11.502885
10.532511,11.472114
10.168079,11.082158
10.066879,11.082158
10.065801,10.71444
10.315571,11.512936
10.436479,11.225257
10.462743,11.338584
10.222859,11.338584
10.535967,11.338584
10.339774,11.472114
10.208578,11.320565
10.171175,11.407576
10.026363,10.915107
10.367895,10.768506
10.496225,11.407576
10.319595,11.156265
10.327583,11.305299
10.096454,11.350418
10.310853,11.320565
9.934925,11.264477
10.32605,11.264477
10.2581215,11.264477
9.96925,11.248973
10.60363,11.156265
10.403128,11.156265
10.320716,11.156265
10.450685,11.225257
10.304611,11.184435
10.183232,11.209127
10.340885,10.819798
10.057621,11.191356
9.956461,11.082158
9.923399,11.225257
9.869034,11.082158
10.118767,11.184435
10.261899,11.184435
10.11459,11.097425
10.500971,11.050906
10.2753935,11.156265
10.212039,11.156265
10.602477,10.819798
10.411324,11.082158
10.251781,11.156265
10.105628,10.915107
9.72418,11.119898
10.407965,11.002116
10.2658615,11.082158
10.068458,11.082158
10.1433115,10.71444
10.264418,10.819798
10.234955,10.819798
10.145227,10.71444
10.138174,11.273665
10.258194,11.248973
10.012796,11.0023
10.443846,11.050906
9.677914,11.042938
9.830698,11.002116
10.158284,11.002116
10.485308,10.959558
10.145776,11.082158
10.220375,10.959558
10.376358,11.002116
10.527597,10.8685875
10.93618,10.959558
10.079941,10.915107
9.995699,10.915107
10.358623,10.849357
10.41885,11.002116
10.207999,10.71444
10.330391,10.819798
10.246676,10.896758
10.494637,10.915107
10.143074,10.959558
9.818392,10.8685875
10.2848625,10.915107
9.993389,10.59666
10.483925,10.959558
9.965511,10.819798
10.380039,10.915107
10.354803,10.915107
10.004565,10.819798
10.57328,10.959558
10.450926,10.959558
10.263733,10.8685875
10.06613,10.959558
10.111311,10.434145
10.118677,11.002116
10.269859,10.915107
10.145672,11.115443
10.141708,10.874286
10.220953,11.086456
10.052336,10.736419
10.541162,10.819798
10.005501,10.8685875
10.121109,10.8685875
10.426704,10.819798
10.431349,10.915107
10.174318,10.819798
10.158574,10.768506
10.21649,10.768506
10.449012,10.915107
9.893285,10.915107
10.078257,10.819798
10.139085,10.819798
10.336084,10.915107
10.376083,10.819798
10.220487,10.819798
10.546667,10.221977
10.122145,10.419331
10.153172,10.8685875
10.300012,10.819798
10.023419,10.325515
10.383062,10.827766
10.246621,10.78934
10.375282,10.680539
9.739522,10.989876
9.770373,10.609082
10.412342,10.819798
10.386085,10.71444
10.384331,10.657283
9.881756,10.308986
10.178026,10.558439
10.070232,10.819798
10.467872,10.532123
10.256715,10.59666
10.504736,10.768506
10.329258,10.691968
10.059822,10.71444
10.124165,10.691968
10.349731,10.819798
10.274389,10.463132
10.21552,10.463132
10.050369,10.532123
10.276692,10.71444
9.976465,10.657283
10.208157,10.799596
10.736511,10.819798
10.028118,10.1849375
9.92693,10.1849375
10.466098,10.477316
10.649285,10.768506
10.408091,10.71444
10.143414,10.71444
10.0716915,10.126671
10.492506,10.768506
9.773443,10.936975
10.412563,10.747229
10.09964,10.357775
10.258747,10.680539
10.493216,10.59666
9.863922,10.657283
10.148649,10.657283
10.300604,10.59666
9.880117,10.59666
10.381353,10.59666
10.191511,10.71444
10.034329,10.71444
10.369771,10.59666
10.159024,10.511921
9.990786,10.59666
9.706706,10.59666
9.968723,10.532123
10.284502,10.657283
10.001915,10.657283
10.418017,10.768506
9.920588,10.59666
10.547598,10.71444
10.36479,10.59666
10.225206,10.59666
10.249736,10.59666
10.162927,10.532123
10.140282,10.71444
10.239128,10.657283
10.403467,10.633472
10.086494,10.021315
10.30957,10.532123
10.39785,10.657283
10.02262,10.657283
10.029606,10.126671
10.344922,10.7232895
10.436467,10.657283
10.31173,10.385944
10.411444,10.59666
10.013345,10.59666
10.133427,10.657283
10.351075,10.59666
10.502842,10.657283
10.479332,10.532123
10.362338,9.472781
9.859367,10.657283
10.443319,10.59666
10.122463,10.59666
10.217825,10.657283
10.576324,10.633472
10.193706,10.558439
10.218098,10.633472
10.072418,10.633472
10.024286,10.571342
10.081652,10.80033
10.251845,10.558439
10.091198,10.518701
10.254861,10.673619
10.282527,10.778977
10.336514,10.491302
9.5947075,10.621352
10.344572,10.558439
10.465673,10.657283
10.1228285,10.558439
10.1612425,10.735636
10.112625,10.463132
10.33472,10.463132
10.293626,10.532123
10.117913,10.532123
10.270906,10.571342
9.986742,10.463132
10.381797,10.532123
10.127537,10.59666
10.40078,10.463132
10.051895,10.463132
10.278709,10.463132
10.047874,10.463132
10.1586685,10.389026
10.368914,10.59666
10.28976,10.532123
10.222029,10.463132
10.009617,10.463132
10.500879,9.903538
10.200414,10.59666
9.814432,10.59666
9.781779,10.463132
10.306137,10.463132
10.502003,10.463132
10.156017,10.59666
10.173771,10.532123
10.077892,10.389026
10.238186,10.463132
10.105011,10.59666
10.240643,10.505095
9.703955,10.389026
10.17544,9.903538
10.23406,9.903538
10.333305,10.532123
10.312081,10.308986
10.185154,10.59666
9.973465,10.308986
10.287588,9.903538
10.060893,10.463132
10.1342745,10.463132
10.292828,10.448744
10.253057,10.505095
10.036669,10.505095
10.180969,10.545368
10.120758,10.545368
10.064552,10.545368
9.837437,10.463132
10.018951,10.477316
10.213513,10.66693
10.37008,10.419331
10.304749,10.477316
9.948465,10.491302
9.938508,10.491302
10.155981,10.488743
10.191731,10.648871
9.871082,10.648871
10.102619,10.648871
9.812155,10.648871
10.241246,10.463132
10.269193,10.434145
10.419882,10.404293
10.132452,10.338544
10.348181,10.491302
10.140796,10.325515
10.217398,10.404293
10.300693,10.463132
10.396524,10.657283
10.339411,10.275085
10.065087,11.082158
10.394867,10.434145
10.133276,10.768506
9.961063,10.308986
9.881477,9.975855
10.126775,10.463132
10.267254,10.463132
10.07645,9.546884
10.1526375,9.510519
10.067115,11.002116
10.24619,10.59666
10.201542,10.308986
10.205473,9.546884
10.155264,10.389026
10.520809,11.002116
10.137121,10.1849375
10.198614,10.463132
10.261595,10.389026
10.097824,11.289794
10.318615,11.225257
9.96231,10.021315
9.561225,9.862718
10.149085,10.71444
9.998203,10.389026
10.023897,10.389026
10.398079,10.448744
10.318804,10.463132
10.309147,10.419331
10.33502,10.389026
10.08157,10.389026
10.034802,10.308986
9.910542,10.419331
10.235687,10.389026
10.314884,10.463132
10.174986,10.239996
10.195551,10.389026
10.191483,10.463132
10.500769,10.463132
9.979273,10.292179
10.20347,10.463132
10.284515,10.463132
10.322813,10.463132
10.363707,10.389026
10.134361,10.389026
10.082357,10.389026
10.435328,10.308986
10.055637,10.389026
10.039951,10.292179
10.330837,10.308986
10.095858,10.308986
10.113883,10.308986
10.376301,10.389026
10.365542,10.308986
10.280582,10.434145
10.418752,10.389026
10.091749,10.389026
9.973207,10.389026
9.983748,10.389026
10.261868,10.289973
10.145639,10.389026
10.045811,10.389026
9.890043,10.308986
10.271915,10.463132
10.35041,10.308986
9.975523,10.1849375
10.188557,10.389026
10.244006,10.463132
10.245499,10.373523
10.410135,10.275085
10.086819,10.434145
10.180905,10.434145
10.412053,10.357775
10.152805,10.357775
9.890699,10.357775
10.066786,10.275085
10.243908,10.308986
10.132612,10.165891
10.082909,10.126671
10.315657,10.308986
10.214984,10.1849375
10.044504,10.221977
10.157377,10.221977
9.660991,10.308986
10.22213,10.221977
10.1182,10.308986
10.222988,10.308986
10.115849,10.308986
10.317434,10.275085
10.213843,10.239996
10.113737,10.318045
10.400326,10.165891
10.360095,10.1849375
10.278521,10.146473
10.026996,10.1849375
10.277515,10.239996
10.136959,10.1849375
10.136627,10.221977
10.358228,10.239996
9.982038,10.434145
10.3103485,10.2036295
10.069506,10.1849375
10.2777,10.165891
10.309495,10.165891
10.494169,10.126671
9.987792,10.146473
10.230883,10.064798
9.966717,10.2036295
10.135326,10.146473
10.012566,10.165891
10.384987,10.126671
10.152256,10.126671
10.422034,10.064798
10.081838,10.085851
10.698754,10.043293
10.196066,10.126671
10.067429,10.064798
10.169292,9.770013
10.11047,9.770013
10.204823,9.964159
10.016166,9.839003
10.259121,10.021315
10.244148,10.021315
10.210889,10.126671
10.171551,10.126671
10.111656,9.903538
10.373051,10.126671
10.035017,10.126671
10.218573,10.308986
10.120966,10.126671
9.933639,10.021315
10.126728,9.852247
10.367387,10.021315
10.084845,10.021315
10.096334,10.126671
10.363937,10.021315
10.320564,10.021315
10.358977,10.043293
10.106954,10.021315
10.336237,10.021315
10.253133,10.064798
10.111677,10.021315
10.243612,10.021315
10.13384,9.770013
10.138898,10.064798
10.209745,10.085851
9.836191,9.998843
10.297625,9.998843
10.216679,10.085851
9.692779,9.7981825
9.996372,9.7981825
10.184287,9.998843
10.454012,10.021315
10.443805,10.043293
10.01726,9.7981825
10.094668,10.085851
10.010639,9.729194
10.117811,10.064798
10.0637245,9.7981825
10.181978,10.05608
9.861242,9.975855
10.121355,9.921131
10.090317,9.770013
10.273617,9.952325
9.97184,9.952325
9.899861,9.952325
9.957882,10.021315
10.047076,9.998843
10.185686,9.903538
10.14168,9.878221
10.132169,9.615872
10.138106,9.615872
10.160435,9.903538
10.218509,9.998843
9.745694,9.903538
10.247462,9.878221
10.117074,9.928229
10.131406,9.952325
10.316952,9.952325
10.233321,9.952325
10.319006,9.878221
10.2119255,9.9223585
10.451893,10.06399
10.146753,9.911506
10.186562,9.903538
10.239071,9.878221
9.933026,9.770013
10.070162,10.221977
9.853889,9.903538
9.839546,9.680407
9.977678,9.903538
9.934716,9.903538
10.0879755,9.903538
10.050232,9.903538
9.904175,9.769957
10.129877,9.741028
10.261122,9.741028
10.05437,9.741028
10.041182,9.7981825
10.152779,9.7981825
9.91608,9.686637
9.900976,9.554001
10.187115,9.82558
10.124624,9.546884
10.20004,9.546884
10.0092325,9.7981825
10.120282,9.7981825
10.181915,9.766694
10.2298355,9.741028
9.767596,9.770013
10.077191,9.697447
10.269295,9.581973
10.117209,9.546884
10.177813,9.624303
10.165254,9.615872
10.117139,9.615872
10.023132,9.510519
10.0865965,9.615872
10.216411,10.357775
10.260168,9.488048
10.115725,9.510519
10.124193,9.546884
10.24761,9.510519
10.132805,9.453365
10.241361,9.601369
10.186728,9.587612
10.047161,9.159152
10.240462,11.181766
10.288448,9.218408
10.252386,10.863317
9.933235,10.021315
10.027819,9.770013
10.128532,10.165891
10.091286,11.191356
9.895257,11.156265
10.019156,9.958023
10.2046585,9.903538
10.206381,10.292179
10.018969,10.064798
10.15567,9.7981825
9.668134,9.7981825
10.275821,9.903538
10.000349,9.903538
10.159616,9.615872
10.210172,10.463132
10.123072,9.615872
10.056982,9.903538
10.047884,9.615872
10.117477,10.126671
9.996758,10.126671
9.534791,9.210441
9.231727,9.350189
9.596424,8.9227915
9.456319,8.657129
9.698436,9.210441
9.499728,10.59666
9.47904,9.210441
10.035431,8.9227915
9.862797,8.9227915
9.871565,9.210441
10.150213,11.156265
10.25412,11.225257
10.26715,10.268166
10.29641,10.268166
10.481314,10.275085
9.738129,9.903538
10.075527,9.998843
10.283729,10.457401
10.221981,10.389026
10.129528,10.422311
10.08222,9.903538
10.325257,10.043293
10.172056,10.021315
10.198194,10.532363
10.087759,9.966274
10.230503,10.621352
10.082369,10.876971
10.21983,10.343387
10.223591,10.06951
9.623144,9.621589
10.135874,11.156265
10.0713005,10.408858
10.222609,10.603834
10.222609,10.535769
10.07509,10.383565
10.411147,10.029503
10.166178,9.492582
10.328506,10.25418
10.125353,10.59666
10.222729,10.59666
10.081402,10.59666
10.373018,11.225257
10.42272,11.461642
10.724345,10.463132
10.39544,11.512936
10.505255,10.915107
10.283626,10.71444
10.486927,11.082158
10.433431,10.71444
10.068557,9.685393
10.166751,10.8685875
10.128805,11.143614
10.296201,10.268166
10.168053,9.575053
9.978712,9.615872
10.2852745,10.165891
10.144175,9.768412
9.980565,10.165891
9.999903,10.165891
10.177992,9.768412
10.128485,9.768412
9.83361,10.146473
10.193285,9.384714
10.230775,10.106469
10.22878,9.768412
9.849369,10.657283
10.131186,10.167811
10.210873,10.221977
10.194929,10.504547
10.124204,10.085851
10.040886,9.554143
10.073236,10.1849375
10.093706,9.554143
10.212714,10.234265
10.243233,10.504547
10.05328,10.146473
10.041619,10.239996
9.824717,10.738156
10.215564,10.308986
9.840223,10.892303
9.892033,10.332702
9.962308,10.837245
10.171797,10.085851
9.972208,10.818197
10.33639,10.308986
9.940009,11.115443
9.921354,10.855937
10.096924,10.657283
9.97765,10.621352
10.165912,10.1849375
9.900117,10.651147
9.923676,10.778977
9.974211,10.778977
10.066646,10.126671
10.310552,10.727685
10.219802,11.264477
10.138072,9.975855
10.342616,11.042938
10.047053,10.126671
10.169322,10.126671
10.208962,9.680407
10.17185,10.633472
10.624298,10.657283
10.646761,10.404293
10.204723,10.308986
10.310024,10.389026
10.193249,9.852247
10.222668,10.819798
10.471588,10.819798
10.064459,10.357775
9.921509,10.819798
10.127874,10.126671
10.070213,10.71444
10.337271,10.064798
10.33461,10.308986
10.40194,10.532363
10.245533,10.532363
10.200888,10.71444
10.209768,10.389026
10.422361,10.389026
10.24007,10.59666
10.049431,11.002116
10.219471,10.71444
10.17128,10.959558
10.1769285,11.289794
9.928515,10.633472
10.090534,10.221977
10.197107,10.555839
10.317796,10.491302
10.251919,10.558439
10.343834,10.239996
10.152618,10.609082
10.218016,9.711176
9.9347,10.275085
10.346872,10.341775
10.238119,9.711176
9.6805725,10.2036295
10.268423,10.221977
10.096779,10.463132
10.323469,9.741028
10.233073,10.747229
10.204374,10.768506
10.166592,10.915107
10.266267,10.959558
10.213662,11.042938
10.14484,10.308986
10.229356,11.082158
10.195792,10.126671
10.3643055,10.59666
10.228152,10.1849375
10.337357,10.78934
10.269161,10.085851
10.078942,10.896758
10.079182,10.736419
10.059675,10.524091
10.457044,10.545368
10.0308075,10.463132
9.73447,10.357775
10.574524,11.119898
10.288336,11.082158
10.458582,10.819798
10.069191,10.1849375
10.043892,10.71444
10.413754,10.463132
10.151411,10.757924
10.068066,10.043293
10.5748005,10.657283
10.408553,10.085851
10.364616,9.975855
10.392514,10.657283
10.243612,10.59666
10.234212,9.975855
10.279013,9.495594
10.274072,9.746892
10.159841,10.532123
10.330921,10.126671
10.159164,10.239996
10.316555,10.571342
10.307824,9.7981825
10.307824,9.581973
10.299509,10.657283
10.518776,11.350418
10.376784,11.289794
10.246426,10.432379
9.96538,10.463132
10.036947,11.082158
10.270782,8.818926
9.942931,10.066923
9.947361,10.348206
9.978931,10.348206
9.863851,9.903538
10.190517,10.537442
9.8474655,9.903538
10.149232,10.537442
9.998144,9.680407
10.070961,10.463132
9.851574,9.615872
10.096943,9.472781
10.113315,10.537442
10.224064,10.537442
10.368994,10.463132
10.201726,10.308986
10.217421,9.431963
10.012255,10.126671
10.087586,9.7981825
10.199446,9.903538
9.965454,10.308986
9.995758,10.239996
9.954441,10.71444
10.13648,10.2036295
10.344612,10.2036295
10.259048,11.066654
10.153481,10.537442
10.1862955,10.59666
9.75742,9.7981825
10.182125,10.537442
10.10183,10.165891
9.947264,10.819798
10.04876,10.545368
9.95034,10.71444
10.081077,10.59666
9.954401,10.463132
10.166508,10.389026
9.949717,9.952325
10.10957,10.157859
10.20183,10.819798
10.288467,10.545368
10.136783,11.350418
10.053913,9.903538
10.39381,10.463132
10.096645,9.770013
10.070959,9.546884
9.861153,9.679907
10.483595,10.915107
9.948903,11.350418
10.316923,10.571342
10.152145,10.915107
10.383278,10.59666
10.23408,10.336957
10.081295,9.730978
10.418131,10.915107
10.131065,10.537442
10.130804,10.5355835
10.031157,10.308986
9.940618,11.002116
10.054987,11.082158
9.979995,11.225257
10.336748,11.350418
10.16937,11.350418
10.364542,9.998843
9.951805,9.809232
10.184653,10.537442
10.486537,10.463132
10.200219,10.502352
9.921162,10.308986
9.968508,10.126671
9.904104,10.545368
9.961207,10.545368
9.865052,10.545368
10.15613,10.502352
10.238077,10.537442
9.684021,10.126671
9.637667,9.852247
9.699713,10.126671
10.184174,10.59666
10.019819,10.59666
10.236172,10.502352
10.467854,10.571342
10.302097,10.502352
9.955407,10.448744
9.964244,10.571342
10.048582,9.838202
10.161478,9.741028
9.984308,9.998843
10.242516,10.308986
10.318472,10.915107
10.416683,10.308986
9.724007,9.852247
10.430921,11.476894
10.128666,10.308986
10.301727,10.463132
10.25349,10.59666
10.220774,10.502352
10.156576,10.571342
10.302097,10.502352
10.144608,9.729194
9.952096,9.729194
10.149826,9.729194
10.182611,11.289794
10.446679,11.289794
10.421084,11.289794
10.121697,11.289794
10.09439,11.289794
10.540708,11.918397
10.440599,11.097425
10.283457,11.461642
10.487553,11.608245
10.17292,11.289794
10.322346,11.258046
10.202616,11.4876175
10.45317,11.472114
10.484688,11.413116
9.863388,11.496806
10.234863,11.407576
10.25169,11.407576
10.478491,11.407576
10.584513,11.350418
10.413984,11.407576
10.29011,11.434975
10.190609,11.156265
10.36237,10.959558
10.558462,11.156265
10.3866,11.156265
10.149929,11.446796
10.063472,11.407576
10.343159,11.420821
10.456247,11.407576
10.092815,11.407576
10.245551,11.440366
10.112881,11.407576
10.504452,11.472114
10.553627,11.407576
10.571268,11.338584
10.300913,11.407576
10.088874,11.350418
10.3896675,11.407576
10.323528,11.352769
10.30464,11.289794
10.3053665,11.373675
10.269668,11.289794
10.416615,11.407576
10.295822,11.407576
10.316364,11.320565
10.826373,11.320565
10.411982,11.350418
10.36537,10.71444
10.363379,10.1849375
10.398437,11.225257
10.518064,11.138247
10.433493,11.305299
10.461893,11.366755
10.195466,11.258046
10.349218,11.258046
10.263187,11.191356
10.261913,11.258046
10.487106,11.119898
10.513399,11.258046
10.009886,11.366755
10.339645,11.264477
10.486004,11.264477
10.376116,11.264477
10.708628,11.338584
10.468712,11.338584
10.167374,11.184435
10.307802,11.184435
10.298909,11.184435
10.560728,11.338584
10.167511,11.472114
10.393591,11.256755
10.460445,11.082158
10.637746,11.289794
10.449046,11.191356
10.450317,11.156265
10.2639675,11.082158
10.551716,11.156265
10.259424,11.225257
10.111301,11.156265
10.362967,11.156265
10.45665,11.225257
10.147177,11.156265
10.485202,11.225257
10.423168,11.289794
10.330156,11.156265
10.312998,11.082158
10.126931,11.289794
10.237075,11.258046
10.214544,11.225257
10.556749,11.225257
10.26082,10.915107
10.260124,11.217225
10.430717,11.233225
10.329687,11.200964
10.509655,11.184435
10.4866495,11.225257
10.537874,11.225257
10.502135,11.097425
10.282972,11.366755
10.348346,11.366755
10.348346,11.366755
10.010794,11.248973
9.99752,10.959558
10.510685,10.915107
10.420713,11.156265
10.496941,11.082158
10.143424,11.225257
10.135138,11.156265
10.502809,11.156265
10.418295,10.71444
10.403818,11.156265
10.244537,11.156265
10.371078,11.156265
10.518304,11.119898
10.400719,10.959558
10.45754,10.959558
10.197384,11.082158
11.086324,11.225257
10.460611,11.021919
10.563269,11.1346035
10.371719,11.141876
10.313648,11.184435
10.282839,11.184435
10.536611,11.002116
10.521223,11.156265
10.176017,10.915107
10.224884,11.156265
9.985266,11.119898
10.242943,11.082158
10.39495,10.959558
10.478182,11.156265
10.1460285,11.082158
10.520243,11.082158
10.328463,11.082158
10.400479,11.002116
9.87589,11.119898
10.289117,11.002116
10.2414,11.042938
10.494918,11.042938
10.394475,11.082158
10.366636,11.002116
10.439247,11.002116
10.3042965,11.002116
10.177744,11.002116
10.218818,11.156265
10.190533,11.082158
10.332667,11.156265
10.36278,11.082158
9.855087,11.119898
10.591493,11.119898
9.983957,10.8685875
10.178837,11.184435
10.438892,10.961295
10.054918,11.248973
10.252057,11.248973
10.205318,11.184435
10.390213,11.248973
10.086128,11.248973
10.165106,11.115443
10.212158,11.248973
10.276009,11.031674
10.504765,11.088293
10.01532,11.082158
10.21305,10.959558
10.404188,10.915107
10.379128,10.959558
10.547273,11.082158
10.055844,11.042938
10.487074,11.082158
10.339061,11.042938
10.058855,11.082158
10.410477,10.959558
10.158281,11.082158
10.5497055,11.082158
10.42449,10.8685875
10.642797,10.959558
10.456551,11.082158
10.405493,11.042938
10.111769,10.389026
10.224136,11.002116
10.638624,10.8685875
10.341517,11.002116
10.267298,10.915107
10.136298,10.915107
10.323303,10.915107
10.430468,11.002116
10.285895,11.002116
10.292042,11.082158
10.403178,11.079077
10.607535,10.896758
10.014782,11.079077
10.499853,10.959558
10.454228,10.959558
10.326971,10.937579
10.486706,10.574542
10.778668,10.946428
10.223915,10.817797
10.517442,10.915107
10.370871,10.915107
10.412597,11.002116
10.4431,10.959558
10.160244,10.915107
10.316801,11.002116
10.3525715,10.915107
10.336678,10.819798
10.622965,10.959558
10.346854,10.8685875
10.3679285,10.915107
10.351177,10.915107
10.001995,10.8685875
10.230387,10.8685875
10.495984,10.8685875
10.094345,10.819798
10.456713,10.308986
9.6435375,10.896758
10.036991,10.691968
10.498491,10.71444
10.138929,10.959558
10.155775,11.002116
10.480101,11.002116
10.06529,10.915107
10.339564,10.915107
10.28026,10.959558
10.177916,10.915107
10.194145,10.915107
10.328164,10.8685875
10.433747,10.819798
10.46825,10.915107
9.787554,10.915107
10.105023,10.819798
9.917519,10.915107
10.327052,10.308986
10.54376,10.915107
10.338727,10.959558
10.309788,10.959558
10.104419,10.915107
10.354567,11.002116
10.567268,10.915107
10.141179,10.8685875
10.171691,10.915107
10.187098,10.819798
10.414125,10.819798
10.236739,10.915107
10.295464,11.002116
10.170848,10.819798
10.101339,10.915107
10.075402,11.002116
10.1061325,10.915107
10.32107,11.002116
10.263761,10.968216
10.179301,10.8685875
10.305297,10.915107
10.158915,10.819798
10.372129,11.041337
10.173542,11.010084
10.048305,10.961295
10.086369,10.961295
10.345413,11.093782
10.101101,11.115443
10.392433,10.924156
10.100988,10.849357
10.193554,10.918736
10.241723,10.887456
10.476958,10.950824
9.919341,10.839601
10.004452,10.839601
9.767441,10.839601
9.852553,10.839601
10.092495,10.78934
10.041782,10.878066
10.23487,10.944489
10.287921,10.851296
10.339793,10.71444
10.143146,10.819798
10.171956,10.819798
10.068924,10.768506
10.204825,10.915107
10.302154,10.819798
10.304543,10.819798
10.335186,10.8685875
10.233438,10.768506
10.004468,10.819798
10.302086,10.819798
9.803532,10.71444
10.304933,10.915107
10.475159,10.768506
10.269502,10.819798
10.125881,10.819798
10.205088,10.768506
10.480629,10.819798
10.024456,10.8685875
9.895998,10.789319
10.229397,10.915107
10.355029,10.915107
10.15543,10.8685875
9.9059,10.915107
10.014605,10.915107
10.1729555,10.819798
9.937675,10.8685875
10.164005,10.768506
10.089308,10.819798
10.318621,10.8685875
10.3104725,10.819798
10.153065,10.915107
10.290746,10.768506
10.529492,10.819798
10.793329,10.71444
10.083881,10.768506
9.9677105,10.819798
10.260708,10.809748
10.288265,10.839601
9.8209305,10.896758
10.334808,10.896758
9.808182,11.025832
9.95948,10.878066
10.087149,10.827766
10.357859,10.874286
10.000101,10.736419
10.291493,10.819798
10.351223,10.719848
9.855605,10.719848
10.085205,10.892303
10.19086,10.874286
10.182711,10.855937
10.222025,10.874286
10.197588,10.874286
9.668505,10.532123
10.48109,10.71444
10.692862,10.657283
10.442664,10.768506
10.525469,10.768506
10.29697,10.59666
9.72667,10.463132
9.727937,10.463132
10.038905,10.71444
10.364236,10.768506
10.46192,10.71444
10.254089,10.71444
10.235466,10.819798
10.490567,10.71444
10.773754,10.819798
10.360895,10.768506
10.229406,10.71444
10.457512,10.657283
10.374609,10.819798
9.997282,10.71444
10.493761,10.768506
10.115723,10.59666
10.229897,10.819798
10.162174,10.691968
10.304517,10.71444
10.392005,10.71444
10.034426,10.819798
10.42255,10.71444
10.183367,10.819798
10.398886,10.59666
10.07765,10.819798
10.035161,10.819798
10.055393,10.819798
10.394922,10.819798
9.872719,10.819798
10.5305805,10.768506
10.094612,10.71444
10.35338,10.768506
10.136276,10.799596
10.031719,10.819798
10.255161,10.768506
10.185666,10.71444
10.202957,10.532123
10.28286,10.59666
10.261681,10.657283
10.143213,10.768506
10.373845,10.768506
10.289397,10.657283
9.566034,10.71444
9.769541,10.71444
10.462127,10.657283
9.951059,10.71444
10.220886,10.404293
10.304254,10.736419
10.255923,10.819798
10.105599,10.768506
9.888041,10.463132
9.888041,10.463132
10.246286,10.768506
9.849302,10.71444
9.931779,10.819798
10.354294,10.768506
10.247166,10.819798
10.055635,10.768506
10.337803,10.768506
9.726608,10.71444
10.078915,10.768506
10.329102,10.657283
10.26025,10.71444
10.370669,10.768506
10.399324,10.768506
9.9426,10.819798
10.275246,10.71444
10.293577,10.71444
10.688519,10.768506
10.315306,10.71444
10.367411,10.71444
10.438249,10.819798
10.5307045,10.768506
9.940926,10.819798
10.276666,10.768506
10.195749,10.768506
10.379202,10.768506
9.949357,10.768506
10.140627,10.819798
10.471334,10.71444
10.602251,10.799596
10.302303,10.757924
10.346458,10.708869
10.122349,10.927394
10.043459,10.927394
10.22551,10.645449
10.1763525,10.645449
10.112474,10.778977
10.574232,10.491302
10.320676,10.778977
10.267558,10.727685
10.300273,10.736419
9.854305,10.778977
10.2637005,10.778977
10.091085,10.7987795
10.231575,10.741838
10.321184,10.680539
10.182367,10.621352
9.797108,10.736419
10.589363,10.571342
10.273085,10.609082
10.020168,10.517348
10.012796,10.517348
10.612303,10.668979
9.924889,10.706095
10.438384,10.532123
10.212147,10.609082
9.99091,10.59666
9.645301,10.532123
9.888134,10.59666
10.000777,10.59666
10.023521,10.532123
10.456179,10.532123
10.23093,10.532123
10.289353,10.463132
10.277666,10.532123
10.309067,10.71444
10.333297,10.657283
10.25316,10.71444
10.363636,10.657283
10.314204,10.657283
10.164108,9.975855
9.917561,10.404293
10.576471,10.71444
9.904641,10.657283
10.227776,9.852247
10.414142,10.657283
10.30928,10.609082
10.181097,10.657283
10.195005,10.71444
10.222408,10.59666
10.266003,10.633472
10.076448,10.59666
10.40933,10.657283
10.348843,10.59666
10.198477,10.633472
10.1719,10.71444
10.246679,10.532123
9.976303,10.59666
9.997967,10.532123
10.027624,10.59666
10.245167,10.532123
10.225887,10.657283
9.738312,10.657283
10.336444,10.59666
10.168006,10.657283
9.946096,10.59666
10.532434,10.657283
10.043236,10.657283
10.247103,10.59666
9.8278885,10.657283
10.480456,10.71444
9.94599,10.657283
9.9864235,10.657283
10.417375,10.59666
9.98367,10.71444
9.682346,10.59666
9.685913,10.657283
10.299179,10.71444
10.206871,10.657283
10.102268,10.657283
10.298676,10.71444
10.007732,10.59666
10.263077,10.59666
9.961154,10.657283
10.098679,10.71444
10.3781805,10.657283
10.192094,10.657283
10.032189,10.657283
10.212024,10.532123
10.037541,10.59666
10.186426,10.657283
10.035688,10.657283
10.292353,10.59666
10.112625,10.657283
9.964134,10.657283
9.9983425,10.657283
9.992831,10.657283
10.320095,10.71444
10.140761,10.657283
9.943491,10.71444
10.003414,10.657283
10.285906,10.71444
9.800515,10.357775
10.286145,10.657283
10.34034,10.657283
10.12078,10.021315
10.23463,10.633472
9.926073,10.657283
9.976471,10.59666
10.378385,10.71444
10.442014,10.657283
9.887081,10.59666
10.00367,10.657283
10.000673,10.59666
10.057552,10.59666
10.2064905,10.658505
10.118412,10.699417
10.2663765,10.633472
10.328564,10.645449
10.286233,10.691968
9.729975,10.758775
10.064058,10.778977
9.94499,10.778977
9.724963,10.778977
10.043634,10.758775
10.081881,10.778977
10.086059,10.738156
10.319113,10.555839
9.941797,10.778977
10.157574,10.778977
10.422226,10.673619
10.232349,10.609082
9.826181,10.505095
9.922091,10.59666
10.355022,10.633472
10.269512,10.609082
9.68326,10.786531
10.064928,10.758775
10.075302,10.758775
10.087086,10.717103
10.212233,10.695598
10.37709,10.695598
9.986626,10.609082
10.086145,10.717103
10.185038,10.463132
10.273939,10.571342
10.28709,10.491302
10.160738,10.645449
9.849247,10.738156
9.709036,10.758775
10.212284,10.695598
10.091372,10.717103
9.933615,10.717103
10.130757,10.59666
9.881804,10.5836
9.991192,10.609082
10.019173,10.477316
10.057613,10.584082
10.370628,10.621352
10.092465,10.616462
10.030979,10.730204
10.087476,10.532123
10.165606,10.532123
10.393019,10.59666
10.548071,9.903538
10.405235,10.463132
10.439842,10.463132
10.179661,10.59666
10.241686,10.59666
10.19387,10.463132
10.324269,10.463132
10.323882,10.532123
10.169867,10.532123
10.410929,10.59666
10.519192,10.59666
9.990109,10.275085
10.326944,10.532123
10.363728,10.59666
10.118445,10.463132
10.077438,10.463132
10.149496,10.532123
10.192112,10.558439
10.646694,10.532123
9.982096,10.532123
10.139921,10.463132
10.016404,10.532123
10.191002,10.463132
9.79065,10.064798
10.337541,9.903538
9.636707,9.903538
10.049547,10.463132
9.782758,10.419331
10.246976,10.59666
9.818514,10.463132
10.406711,10.59666
10.14941,10.532123
10.339168,10.463132
9.908267,10.59666
10.089579,10.463132
10.083483,10.434145
10.23447,10.463132
10.066462,10.463132
10.09354,10.389026
10.415036,10.463132
10.335328,10.49269
10.210787,10.389026
10.13516,10.59666
10.36026,10.532123
10.064578,10.463132
10.157602,10.532123
10.22982,10.532123
10.25794,10.463132
10.245357,10.532123
10.096876,10.532123
9.9850025,10.59666
9.8933735,10.389026
10.386256,10.389026
10.229426,10.59666
10.412369,10.532123
10.518737,10.532123
10.211168,10.463132
10.0853,10.463132
10.224105,10.59666
9.859088,10.59666
10.04331,10.532123
9.945969,10.463132
10.089399,10.59666
10.321951,10.463132
10.1644125,10.463132
10.062319,10.308986
10.333191,10.532123
10.317996,10.463132
10.188063,10.59666
10.118528,10.463132
10.339294,10.532123
10.228973,10.463132
10.193838,10.59666
10.404995,10.308986
10.191509,10.463132
10.456977,10.463132
10.148592,10.59666
10.082365,10.463132
10.156409,10.463132
10.277636,10.558439
10.052778,10.463132
10.296507,10.434145
10.472307,10.532123
10.266912,10.463132
10.018128,10.532123
9.653837,10.463132
10.071858,10.59666
10.159291,10.463132
10.185045,10.532123
10.140289,10.463132
10.38851,10.571342
10.265624,10.463132
10.165948,10.532123
10.030249,10.532123
10.433189,10.558439
10.445522,10.518701
10.360336,10.571342
9.816587,10.532123
10.101096,10.695598
10.209646,10.695598
10.252705,10.628158
9.91164,10.385944
10.268944,10.555839
10.122969,10.55391
10.21855,10.477316
10.398182,10.491302
10.286327,10.477316
10.306259,10.434145
10.128277,9.852247
10.335114,9.8705
10.025175,10.463132
9.944862,10.505095
10.25041,10.545368
10.09112,10.404293
9.97208,10.404293
10.031206,10.505095
10.248336,10.545368
10.516464,10.434145
10.339594,10.545368
9.6130085,10.545368
10.383163,10.566201
10.391512,10.524091
9.936638,10.518701
10.266739,10.477316
9.935663,10.419331
10.507151,10.463132
10.027983,10.518701
10.420572,10.491302
10.290031,10.463132
9.78261,10.448744
9.681124,10.518701
10.354198,10.518701
10.428704,10.621352
10.067444,10.498222
10.318041,10.491302
10.159183,10.419331
9.903811,10.518701
10.200034,10.491302
10.039294,10.325515
10.462081,10.257694
10.318323,10.419331
10.538967,10.419331
10.303922,10.651147
10.252872,10.391331
10.018899,10.491302
10.326588,10.41184
9.730265,10.385944
10.104328,10.422311
9.935862,10.477316
10.264051,10.419331
9.759209,10.308986
10.352564,10.422311
10.350702,10.448744
10.195295,10.404293
10.30996,10.488604
10.35139,10.487573
10.029891,10.504547
10.21002,10.604628
10.37051,10.580531
10.44599,10.389026
9.914754,10.463132
10.13419,10.389026
9.946074,10.357775
10.268545,10.389026
10.127064,10.341775
9.905461,10.341775
10.186813,10.463132
9.959909,10.389026
10.188564,10.463132
9.64585,10.389026
10.147879,10.419331
9.876071,10.1849375
10.446761,10.389026
10.524685,10.357775
10.263102,10.434145
10.221409,10.389026
10.385262,10.419331
10.0555315,10.308986
10.289206,10.389026
10.214628,10.389026
10.118801,10.389026
10.385478,10.389026
9.831194,10.239996
10.211882,10.434145
10.122282,10.308986
9.792755,10.308986
10.219736,10.308986
10.288321,10.308986
10.056069,10.36568
10.326431,10.463132
10.175251,10.308986
10.6359625,10.308986
9.923888,9.770013
10.549911,10.308986
10.125282,10.463132
9.91145,10.463132
10.151062,10.308986
10.144367,10.308986
10.609074,10.389026
9.999684,10.221977
10.1335335,10.389026
10.242928,10.357775
10.470618,10.419331
9.391718,10.308986
10.047763,10.463132
10.4423,10.341775
9.986293,10.308986
10.142991,10.389026
10.8093605,10.463132
10.334566,10.308986
10.363419,10.463132
10.336312,10.389026
10.167676,10.419331
10.35944,10.357775
9.893845,10.15448
9.950806,10.389026
10.265538,10.463132
10.125512,10.389026
10.120974,10.357775
9.975719,10.389026
10.014297,10.419331
10.207902,10.463132
10.07003,10.463132
10.393697,10.308986
10.3358345,10.419331
9.262482,10.463132
10.028371,10.389026
10.30254,10.463132
10.226711,10.463132
10.12001,10.389026
10.165836,10.308986
10.529381,10.463132
10.013881,10.463132
10.10559,10.389026
10.228603,10.389026
9.844467,10.308986
10.114239,10.463132
10.34664,10.463132
10.1448345,10.389026
10.227175,10.450684
10.448166,10.342999
10.031572,10.325515
9.810217,10.341775
10.216484,10.357775
10.482077,10.373523
10.043203,10.434145
10.032583,10.373523
10.402676,10.434145
10.257914,10.434145
10.480684,10.341775
9.913164,10.106469
10.199331,10.373523
10.160849,10.341775
10.2562275,10.434145
10.268005,10.434145
10.35882,10.346505
9.960264,10.422311
9.92255,10.422311
10.327341,10.275085
9.940672,10.357775
10.274095,10.357775
9.83364,10.357775
10.470995,10.357775
9.690443,10.404293
10.078676,10.275085
10.402557,10.341775
10.156483,10.308986
10.2901745,10.373523
10.049963,10.389026
10.392636,10.341775
9.638264,10.257694
9.903135,10.373523
10.395562,10.221977
10.368809,10.308986
10.172676,10.292179
10.1182785,10.257694
10.107292,10.341775
10.267385,10.292179
10.308828,10.292179
10.185358,10.275085
9.764185,10.287287
10.131579,10.267158
10.185966,10.268166
10.490534,10.308986
10.229043,10.134639
10.121376,10.292179
9.903963,10.275085
10.047224,10.341775
10.255203,10.341775
10.20898,10.341775
10.183617,10.308986
10.060667,10.292179
10.266551,10.292179
10.495201,10.300618
9.780955,10.292179
10.149781,10.275085
9.907511,10.422311
10.206992,10.450481
10.1170025,10.313973
10.281103,10.126671
10.45822,10.043293
10.397139,10.221977
9.5198555,10.308986
10.245405,10.275085
10.273838,10.308986
10.387306,10.308986
9.904234,10.257694
9.853285,10.257694
9.626962,10.275085
10.350679,10.308986
10.380154,10.308986
10.082125,10.126671
9.939327,10.221977
9.578772,10.2036295
10.183705,10.221977
10.121238,10.106469
10.062859,10.2036295
10.21616,10.308986
10.291361,10.248884
10.205574,10.275085
10.215888,10.257694
10.259995,10.221977
10.204741,10.221977
10.048496,10.126671
9.831812,10.308986
10.046141,10.126671
9.953684,10.308986
10.303785,10.275085
10.413023,10.275085
10.535891,10.239996
10.443598,10.308986
10.218018,10.257694
9.962242,10.221977
10.101567,9.615872
10.301078,10.221977
10.187328,10.1849375
10.077927,10.308986
10.270255,10.221977
10.3069315,10.292179
10.373373,10.126671
10.183594,10.126671
10.671703,10.126671
10.244745,10.308986
10.304769,10.292179
10.338726,10.221977
10.217712,10.221977
9.651171,10.221977
10.345175,10.308986
9.988923,10.221977
10.086731,10.221977
9.992315,10.021315
10.176428,10.021315
9.962698,10.021315
10.192051,10.126671
10.506012,10.308986
10.251853,10.308986
10.426655,10.221977
9.837378,10.221977
10.50609,10.308986
9.7864,9.999752
10.283614,10.275085
10.083462,10.126671
10.071021,10.308986
10.453274,10.257694
10.030503,10.308986
10.061457,10.126671
9.980391,10.126671
10.267889,10.221977
9.902367,10.2036295
10.303352,10.221977
10.257769,10.308986
10.228266,10.308986
10.431773,10.308986
10.149966,10.221977
10.261099,10.275085
10.311815,10.221977
9.96874,10.221977
10.091522,10.126671
10.178015,10.308986
10.084052,10.308986
10.453117,10.165891
10.410656,10.308986
10.435127,10.126671
10.526875,10.221977
9.892723,10.126671
10.247093,10.275085
10.073539,10.275085
10.016239,10.308986
9.938873,10.308986
10.030503,10.308986
10.005043,10.126671
10.375805,10.232647
9.470953,10.251959
9.832967,10.239996
10.139526,10.275085
10.242554,10.275085
10.246213,10.292179
10.409904,10.2036295
10.226463,10.2036295
10.35383,10.275085
10.349079,10.268166
10.124155,10.085851
10.210085,10.181157
10.233105,10.181157
10.2255335,10.239996
10.41223,10.221977
10.380062,10.239996
10.167617,9.987415
9.897072,10.2036295
10.185645,10.106469
10.317187,10.126671
9.953047,10.126671
10.158493,10.239996
10.034323,10.239996
10.26421,10.239996
10.361261,10.1849375
9.8080635,10.126671
10.006685,10.1849375
10.121625,10.126671
10.256395,10.156229
10.394389,10.2036295
10.524519,10.1849375
10.33705,9.987415
10.2694,10.1849375
10.164963,10.1849375
10.258619,10.085851
10.074327,10.146473
10.321652,10.126671
10.459891,10.2036295
10.144078,10.165891
10.502769,10.165891
9.686529,10.2036295
10.431262,10.1849375
9.942714,10.2036295
10.245932,10.1849375
10.122332,10.221977
10.184019,10.1849375
10.338053,10.2036295
10.197006,10.239996
9.727459,10.165891
9.964278,10.239996
9.917946,10.1849375
10.097263,10.1849375
10.216135,10.175459
10.112909,10.2036295
10.07089,10.434145
10.255913,10.165891
10.326127,10.176601
10.267288,10.10238
9.990236,10.085851
9.893546,10.077441
10.615278,10.182822
9.931833,10.165891
10.180937,10.1849375
10.088557,10.10553
10.298428,10.2036295
10.241009,10.2036295
10.283617,10.2036295
9.847718,10.165891
10.01808,10.165891
9.964708,10.2036295
10.323633,10.165891
10.311079,10.2036295
10.126049,10.126671
9.874571,10.2036295
10.345432,10.106469
10.3435755,10.126671
10.338421,10.146473
10.219343,10.165891
10.041289,10.156229
9.9928665,10.106469
10.400457,10.165891
9.783745,10.221977
10.23053,10.2036295
10.1598425,10.332702
10.173752,10.045031
10.283231,10.193991
10.050487,10.042206
10.329758,10.134639
10.179003,10.174964
10.192465,10.172025
10.192465,10.172025
10.251598,9.98539
10.473907,10.146473
10.311236,10.165891
10.27746,10.142544
10.346959,10.165583
10.294376,10.106469
10.193586,10.165891
10.32332,10.126671
10.028519,10.126671
10.224876,10.019091
10.585833,10.126671
10.415023,10.043293
9.896937,10.146473
10.276646,10.165891
9.869902,10.043293
9.886389,10.085851
9.874662,9.987415
10.377831,10.126671
10.35966,10.106469
10.386641,10.165891
10.202351,10.126671
10.555399,10.146473
10.068784,10.069044
10.134245,10.126671
10.370296,10.043293
10.159672,10.146473
10.209841,10.165891
9.907097,10.021315
10.998333,10.165891
9.848923,9.987415
10.031125,10.085851
10.379065,10.137888
9.760418,10.153195
10.1972065,10.145374
10.348473,10.268166
10.312389,10.134639
10.231169,10.126671
9.620661,10.146473
10.245951,10.064798
10.315483,10.021315
9.778408,10.021315
9.8561325,10.064798
9.903768,10.126671
10.068051,10.085851
10.102233,10.021315
9.988092,10.021315
10.301718,10.308986
10.279938,10.021315
9.933788,10.043293
10.177196,10.064798
10.221723,10.126671
10.578967,9.581973
10.355141,10.126671
9.939255,9.878221
10.279124,10.126671
10.333249,10.021315
10.030389,9.952325
10.206887,10.126671
9.937512,10.021315
10.275206,9.852247
10.091589,10.126671
10.375163,10.021315
10.148268,10.126671
10.248196,10.221977
10.183283,10.021315
10.244595,10.085851
10.029317,10.085851
10.1542425,10.126671
10.497618,10.126671
10.141645,10.021315
10.478409,10.064798
10.56275,10.064798
10.320605,10.106469
9.886073,9.839003
9.925617,9.839003
10.196661,10.126671
10.191976,9.975855
10.355728,10.126671
10.371856,9.975855
9.958807,10.021315
10.283954,10.021315
10.228043,10.064798
9.911442,10.021315
10.227458,9.975855
10.575586,9.903538
10.356481,10.064798
10.413854,10.021315
10.503967,10.126671
10.347191,10.126671
10.1593275,9.975855
10.069303,10.126671
10.089365,10.021315
10.075815,10.221977
9.920395,9.975855
10.256077,10.021315
10.051709,10.126671
10.242422,9.433564
10.186158,10.126671
10.492344,10.085851
9.817007,10.021315
10.204545,10.021315
10.057597,10.085851
10.209492,9.975855
10.150174,10.106469
9.90864,10.043293
10.395248,9.903538
10.139177,9.852247
9.942699,10.043293
9.930113,10.126671
10.252424,10.126671
10.263995,10.021315
10.089415,10.059679
9.978709,10.112451
10.147007,10.216874
9.711678,9.392745
10.03285,10.085851
9.899773,10.043293
10.251993,10.043293
9.934351,10.043293
10.0786,10.085851
10.308822,10.043293
10.043781,10.085851
10.197027,10.085851
10.222545,9.952325
10.181015,10.085851
10.110136,9.94035
10.362339,9.94035
10.3772545,10.043293
10.284962,10.021315
10.150616,10.010142
10.116324,9.998843
10.177322,10.043293
10.191683,10.043293
9.833733,10.085851
9.922295,9.998843
10.357403,9.998843
9.905613,9.998843
9.719842,10.043293
10.360218,9.9804945
10.070366,10.085851
10.175154,9.952325
10.041586,10.110542
9.904768,10.085851
10.0991335,10.043293
10.109543,10.043293
10.34045,10.064798
10.19652,9.998843
10.43736,10.096213
10.216237,9.952325
10.198877,10.085851
10.159065,10.085851
10.192724,10.043293
10.015282,9.952325
10.292471,10.043293
10.0931635,9.998843
9.6942215,9.998843
10.301954,10.085851
10.122484,10.085226
10.024344,9.993145
10.229331,10.041727
9.936842,10.041727
10.228191,10.199175
10.169855,10.000115
10.069887,9.928229
9.972469,9.975855
10.357416,9.903538
10.119904,10.043293
9.904702,10.043293
10.353487,9.928229
9.800444,9.998843
10.244419,9.975855
9.667095,9.975855
11.146397,10.021315
10.44664,10.043293
10.34704,10.043293
10.45348,10.043293
10.214278,10.043293
10.123177,10.043293
10.217045,9.928229
10.081774,9.903538
9.986936,9.975855
10.27577,10.043293
10.191395,9.928229
10.202038,9.961803
10.280659,9.998843
10.17661,9.928229
10.1221695,9.952325
9.92861,9.94035
9.935499,9.975855
10.1504755,9.998843
9.7002945,9.9804945
9.898719,10.162808
10.1335945,10.105653
10.1313095,9.915959
10.429062,9.952325
10.2522135,9.903538
10.0111065,9.903538
9.96596,9.903538
9.62097,9.998843
10.15747,9.998843
9.94095,9.952325
9.980953,9.952325
10.179071,9.928229
9.995533,9.952325
9.709394,9.903538
10.055801,9.952325
10.405727,9.878221
10.234219,9.952325
10.10286,9.998843
10.177862,9.975855
10.112172,9.903538
9.773677,9.952325
10.058015,9.928229
10.35767,9.998843
10.184263,9.903538
10.152277,9.998843
9.978878,9.903538
10.078697,9.928229
10.156103,9.89096
10.160302,9.89096
10.124818,10.064798
10.048842,9.928229
9.894384,9.770013
9.553795,9.770013
10.125216,9.988609
10.025175,9.988609
10.029125,9.998843
10.072695,9.952325
9.925678,9.952325
10.245279,9.975855
10.230613,9.998843
10.091225,9.903538
10.36198,9.82558
10.058067,9.903538
10.339979,9.903538
9.9899025,9.998843
9.7833,9.998843
9.858829,9.952325
9.983958,10.12507
10.148754,10.002473
10.155981,9.9804945
10.110106,9.9804945
10.116039,9.9804945
10.222674,9.9804945
9.993394,9.9804945
10.110106,9.9804945
9.8793745,9.9804945
9.806749,9.952325
9.838986,9.851615
9.914871,9.845911
10.340456,9.927838
10.225962,9.903538
10.027557,9.852247
9.547855,9.770013
10.281356,9.852247
9.95269,10.085851
10.150469,9.852247
10.11154,9.878221
10.137192,9.852247
10.207788,9.903538
9.696279,9.878221
10.093716,9.852247
10.17894,9.865318
10.180391,9.865318
10.180391,9.865318
10.180391,9.865318
10.180391,9.865318
10.050801,9.878221
10.011584,9.82558
9.939777,9.878221
10.289657,9.852247
9.818006,9.952325
10.1146555,9.878221
10.303715,9.929691
10.350203,9.923339
10.097008,10.085851
10.188406,9.958023
10.295551,9.862718
10.046244,9.879554
10.1220455,9.908376
10.249115,9.801344
9.734969,9.903538
9.633703,9.852247
10.123079,9.903538
9.829255,9.852247
10.08148,9.903538
10.002531,9.903538
10.051302,9.903538
9.8811455,9.903538
10.192538,9.7981825
9.896547,9.903538
9.525558,9.903538
9.752518,9.903538
10.183989,9.903538
9.758404,9.903538
9.959497,9.903538
10.226894,9.852247
10.124308,9.852247
10.195573,9.903538
10.222852,9.852247
10.21216,9.928229
10.30419,9.82558
10.070178,9.852247
10.395656,9.878221
9.981691,9.852247
10.094668,9.82558
9.907459,9.770013
9.667,9.770013
9.348207,9.680407
9.921572,9.770013
10.198221,9.82558
10.223537,9.82558
10.193373,9.711176
10.130098,9.852247
10.189965,9.770013
10.059459,9.852247
10.078615,9.852247
10.1488695,9.878221
9.892706,9.903538
10.070731,9.903538
9.814833,9.903538
9.894372,9.852247
9.962794,9.903538
10.219955,9.82558
9.90979,9.903538
9.713003,9.903538
10.041407,9.852247
9.965784,9.852247
10.405031,9.852247
10.188916,9.770013
10.28578,9.82558
10.131588,9.852247
10.012763,9.903538
10.082663,9.7981825
10.347618,9.852247
10.1177,9.903538
10.124529,9.903037
9.780459,9.903538
9.633657,9.901034
10.114766,9.8705
10.204347,9.778661
9.741637,9.852247
9.765986,9.856396
10.126671,9.852247
10.237488,9.878221
10.295893,9.878221
10.07571,9.852247
10.249123,9.7981825
9.986956,9.852247
9.665888,9.878221
9.924959,9.770013
10.077157,9.7981825
10.053543,9.852247
10.250201,9.8119755
10.148466,9.852247
10.018848,9.770013
10.103428,9.852247
9.955545,9.770013
9.875866,9.865318
9.663864,9.82558
10.163267,9.819127
9.794376,9.727168
10.129631,9.805544
9.82641,9.82179
9.750273,9.7981825
10.256634,9.711176
9.993658,9.741028
9.98633,9.185125
10.114399,9.741028
10.18004,9.809232
9.843966,9.7981825
9.502578,9.711176
10.176561,9.7981825
9.667078,9.878221
10.087617,9.755626
10.042998,9.7981825
10.16751,9.7981825
10.227099,9.770013
9.701172,9.7981825
10.089365,9.546884
9.746578,9.546884
9.821779,9.615872
10.23473,9.711176
10.25083,9.711176
10.272978,9.546884
9.963335,9.741028
10.118516,9.741028
9.99297,9.741028
10.152927,9.82558
10.28363,9.741028
9.91716,9.711176
10.14635,9.7981825
10.250788,9.770013
10.048317,9.82558
10.210598,9.741028
10.225014,9.741028
10.09396,9.755626
10.059557,9.755626
10.12593,9.7981825
10.264157,10.146473
10.096193,9.64866
9.842176,9.741028
9.798834,9.770013
9.915218,9.7981825
9.783759,9.73181
9.969824,9.787066
9.862295,9.811427
10.140942,9.433564
10.092278,9.615872
9.9625435,9.711176
10.270565,9.726213
10.097116,9.741028
9.442568,9.64866
10.163102,9.711176
10.033831,9.784197
10.20307,9.770013
10.261619,9.741028
10.265522,9.680407
10.328621,9.711176
9.993794,9.581973
10.209338,9.711176
10.137353,9.755626
9.990248,9.711176
10.199759,9.64866
10.028397,9.711176
10.062575,9.711176
10.102251,9.6959095
10.287481,9.770013
10.342209,9.741028
10.124197,9.711176
9.925419,9.8119755
10.095911,9.755626
9.66818,9.733707
10.411468,9.862718
10.166084,9.700208
10.244811,9.958023
10.027397,9.720586
10.211851,9.842516
10.211683,9.680407
10.127289,9.6959095
10.307316,9.680407
9.936407,9.680407
10.223531,9.903538
9.85439,9.711176
10.076347,9.680407
10.043171,9.711176
10.189814,9.680407
9.9344635,9.64866
10.151848,9.615872
10.069783,9.680407
10.128696,9.680407
10.207998,9.680407
10.166702,9.711176
10.176649,9.711176
9.924188,9.575053
10.238234,9.680407
10.176407,9.64866
10.239286,9.692828
10.288844,9.741028
10.153894,9.680407
9.993288,9.615872
9.899268,9.680407
10.070366,9.628853
10.030322,9.7976265
10.339582,10.221977
9.83238,9.638676
10.101912,9.757363
10.474329,9.757363
10.329227,9.639587
9.573827,9.757363
9.630844,9.757363
10.265093,9.623377
10.2097645,9.599202
9.986402,9.573316
9.829905,9.528867
10.314726,9.878221
10.11352,9.564583
9.987804,9.615872
9.90242,9.433564
10.052328,9.564583
10.110168,9.528867
10.162026,9.528867
10.199581,9.581973
10.0279,9.539716
9.8915615,9.615872
10.145378,9.596418
9.729685,9.580869
9.653355,9.700208
10.206671,9.670357
10.370314,9.700208
10.229448,9.472781
9.90375,9.472781
10.184702,9.694616
10.212791,9.678405
10.076855,9.510519
9.699873,9.581973
9.885426,9.546884
9.931383,9.546884
10.006915,9.65323
9.995882,9.654449
9.582754,9.652009
10.270483,9.575053
10.031488,9.639587
10.287385,9.639587
10.1380625,9.639587
10.281443,9.639587
9.974732,9.501591
10.06242,9.571714
10.106182,9.620661
10.022451,9.522301
10.156004,9.510519
10.462151,9.472781
10.009721,9.472781
9.924612,9.601369
9.978408,9.588297
9.816821,9.588297
9.942418,9.512443
10.005234,9.575053
10.039936,9.575053
10.247335,9.541154
9.801039,9.575053
10.020128,9.441531
9.914324,9.392745
10.5175905,9.392745
10.292461,9.392745
10.248243,9.614271
9.788507,9.506065
10.129903,9.506065
9.6077385,9.506065
9.6077385,9.506065
9.6077385,9.506065
9.6077385,9.506065
10.191553,9.506065
9.6077385,9.506065
9.6077385,9.506065
10.254116,9.425775
10.20402,9.431963
10.164431,9.383033
9.851402,9.383033
10.184395,10.962666
10.302295,8.853808
10.420567,8.794976
10.0548725,9.575053
9.820265,9.488048
10.200306,8.699681
10.127901,8.7194805
10.465702,9.616672
9.938779,8.679482
9.802216,9.7981825
9.973381,9.615872
9.969707,8.7194805
9.927235,8.7194805
10.397092,10.223866
10.121401,9.552226
10.109418,9.915959
10.548434,11.231901
10.07493,9.979939
9.797642,9.9804945
10.26816,10.280999
10.200916,10.280999
10.156645,10.309819
9.903063,9.9804945
9.91581,9.9804945
10.158009,10.240924
9.66572,10.158169
9.9254,9.488048
9.854785,10.181157
9.78941,10.181157
9.877347,8.77663
10.389631,9.966509
10.075666,10.085851
10.084085,10.268166
10.267086,10.134639
10.211622,10.134639
9.960909,10.238709
10.527628,10.269206
10.10681,10.157975
10.667606,11.000248
10.3378725,10.491302
10.417072,10.778977
10.182508,10.778977
10.205024,10.695598
10.25815,10.59666
10.058734,10.71444
10.280432,10.819798
9.599933,11.248973
10.280966,10.532123
9.986534,10.628158
9.953438,10.673619
10.048937,10.837245
9.704776,10.758775
9.8093,10.393325
9.52026,10.234265
10.209209,10.504547
9.52026,10.234265
9.514445,10.234265
9.941169,10.555839
10.097155,10.778977
10.1215515,10.778977
9.979519,8.7194805
10.046587,8.7194805
10.0659685,8.679482
10.24477,10.851296
10.280966,10.463132
10.216249,11.289794
10.109037,10.819798
10.165705,11.002116
10.20253,11.041337
10.431151,10.404293
9.943405,10.8685875
10.431093,10.959558
10.068877,11.082158
10.54578,10.491302
10.043764,11.002116
10.275135,10.8685875
10.065021,10.8685875
9.954842,10.768506
10.070774,11.294782
10.168104,11.407576
10.004208,10.532123
10.520701,11.082158
10.144071,10.275085
10.420719,10.59666
10.075167,10.959558
10.211195,11.320565
9.958069,10.165891
10.265736,10.819798
10.124985,10.448744
10.076989,10.463132
10.074747,10.532123
9.732134,9.784197
9.768633,9.998843
10.329359,10.434145
10.213373,10.308986
10.0598135,11.184435
10.077183,10.448744
10.031715,9.9804945
10.273058,10.308986
9.698914,10.819798
9.993146,10.257694
9.837425,10.341775
10.207847,10.356186
9.890072,10.768506
10.37435,10.819798
10.3786125,10.71444
10.027481,10.1849375
10.272951,10.994084
10.312892,11.041337
10.231348,10.757924
10.133635,10.239996
10.065653,10.829748
10.3660755,10.448744
9.60153,10.165891
10.451311,10.532123
10.228157,10.532123
9.686834,11.338584
10.063244,9.546884
10.155779,10.463132
9.949136,10.341775
10.157698,11.350418
10.158716,10.308986
10.154797,10.71444
10.147957,10.657283
10.262358,10.275085
10.39767,11.320565
10.176279,9.7981825
10.07604,10.239996
10.058477,10.532123
10.548239,11.079077
10.279579,10.389026
10.146595,10.72549
10.256128,10.463132
10.030971,10.59666
10.437033,10.257694
10.306023,10.2036295
10.528895,10.021315
10.199623,11.379406
10.295427,10.126671
10.410379,10.959558
10.249124,9.975855
9.90579,10.657283
9.773125,9.952325
10.154139,10.357775
10.327813,11.366755
10.104345,10.181157
10.322226,10.1849375
9.895935,10.144117
10.053768,11.184435
10.231057,10.021315
10.6189,10.855937
9.560532,10.045031
10.059457,10.657283
10.354183,11.041337
10.253935,9.711176
10.2893505,10.950824
10.433775,10.59666
9.884529,10.045031
10.220208,10.927394
10.043966,10.332702
10.428488,10.532123
9.920901,10.021315
10.534071,11.414221
10.593612,9.575053
10.118126,9.852247
10.385427,10.221977
10.175848,10.275085
9.951221,10.959558
10.158731,10.736419
10.529986,11.141876
10.281851,10.819798
10.175007,10.657283
10.582386,11.373675
10.359083,11.279744
10.232994,11.115443
10.150091,10.717103
10.373184,11.233225
10.181469,10.422311
9.900954,10.518701
10.026101,10.389026
9.938428,11.082158
9.735739,10.532123
10.0202465,10.373523
9.801078,10.657283
10.00874,9.878221
10.315091,11.119898
9.919471,10.59666
10.119219,10.389026
9.891032,10.71444
10.325843,10.002473
9.988939,10.59666
10.105181,10.045031
10.268141,11.184435
9.755069,10.477316
10.382618,11.008164
9.436251,10.959558
9.903919,9.998843
10.263,10.532123
10.241079,10.768506
10.159546,10.673619
10.223012,10.915107
10.202275,10.221977
10.0730095,10.2036295
10.409872,10.71444
10.078897,10.580531
10.059975,11.071642
10.128948,10.532123
10.131294,11.097425
10.2421875,9.729194
10.330343,11.338584
9.768715,10.59666
9.753658,10.257694
10.362459,10.657283
10.4553385,10.58661
10.258348,10.768506
10.076984,10.389026
10.191473,11.289794
10.18477,10.064798
10.106393,10.78934
10.037682,9.7981825
10.360199,10.657283
10.245815,10.389026
10.182589,10.915107
9.88245,10.126671
10.113512,10.8685875
10.382761,11.082158
9.726021,10.657283
10.175413,10.532123
10.123443,10.308986
10.461161,10.59666
10.229122,10.959558
10.111255,10.915107
10.31435,11.002116
10.011102,9.952325
10.148767,9.575053
10.215471,10.239996
9.771996,10.363472
10.30127,9.9804945
10.075336,10.434145
9.947258,11.097425
10.142,10.043293
9.851343,10.555839
10.075895,10.341775
10.423536,10.388842
10.172606,10.633472
9.997208,10.021315
10.404111,10.126671
10.167769,10.915107
10.242836,10.8685875
10.236967,10.59666
9.536228,10.2036295
10.006344,10.657283
10.105181,9.958023
9.988775,10.2036295
10.204282,9.757363
10.232442,10.463132
10.095383,10.1849375
9.877794,9.711176
9.994703,10.308986
10.143232,11.042938
10.034534,10.59666
10.159515,10.422311
9.903754,11.289794
10.305306,11.191356
10.316507,10.915107
9.91921,10.064798
9.93322,10.819798
10.160448,10.959558
10.002758,11.264477
10.459181,10.59666
10.178267,10.308986
10.353237,10.915107
10.313465,10.8685875
10.123993,10.419331
9.824645,11.041337
9.985697,10.915107
10.074826,10.819798
10.09377,10.021315
10.170055,10.71444
10.160192,10.71444
10.006264,10.532123
10.190255,10.463132
10.248491,10.915107
10.017918,10.463132
10.3482895,10.1849375
9.943874,10.71444
9.934959,10.341775
10.132005,10.532123
10.169437,10.673619
10.304161,11.025832
10.135876,10.8685875
10.3094845,11.472114
10.25238,10.71444
10.077944,10.463132
9.966087,9.757363
10.190862,10.530521
10.2322035,10.530521
10.300562,10.389026
10.480366,10.404293
9.976423,10.021315
10.238968,10.849357
10.225176,10.106469
9.963246,9.811427
9.913161,10.977824
10.410763,10.308986
9.987739,10.768506
10.231005,10.915107
10.043332,11.512936
10.180479,11.407576
10.116827,11.407576
10.209786,11.082158
9.812265,11.407576
10.085152,11.156265
9.766563,11.225257
10.216845,11.021919
10.450478,11.156265
10.151373,11.184435
10.440344,11.082158
9.694241,11.082158
10.401999,11.042938
10.487544,10.959558
10.2148075,10.8685875
10.562212,10.959558
9.978179,10.915107
10.208578,10.8685875
10.250231,10.915107
10.406858,10.819798
10.102211,10.967939
9.902494,10.768506
9.757963,10.434145
9.777076,10.434145
10.285802,10.819798
10.106273,10.819798
10.269737,10.71444
10.171738,10.657283
10.348888,10.778977
10.227774,10.558439
10.12821,10.71444
10.297901,10.71444
10.506493,10.657283
9.925599,10.804238
10.171471,10.456539
10.1103115,10.463132
10.183473,10.59666
10.276361,10.532123
9.9796505,10.463132
11.294472,10.532123
9.719089,10.221977
10.470297,10.463132
9.716698,10.463132
9.723776,10.257694
10.225851,10.1849375
9.899325,10.221977
9.674618,10.389026
10.206188,10.389026
9.85416,10.325351
10.442648,10.389026
10.286125,10.308986
10.114006,10.308986
10.155714,10.275085
10.14174,10.341775
9.94011,10.275085
10.37266,10.275085
10.157072,10.221977
10.023072,10.221977
10.421963,10.221977
10.346685,10.239996
10.119949,10.221977
10.101925,10.2036295
10.339572,10.043293
10.1146755,10.126671
10.024503,10.165891
10.27854,10.165891
9.791763,9.903538
9.781771,9.903538
9.861264,10.021315
9.999001,10.085851
10.016621,9.952325
9.952961,10.045031
10.25511,9.928229
10.142264,9.928229
9.749407,9.975855
9.758657,9.928229
10.17836,9.998843
10.148719,9.952325
9.748294,9.952325
9.951635,9.729194
9.727683,9.8119755
10.290421,9.903538
10.176568,10.1849375
10.3507595,9.903538
10.198736,9.852247
10.110061,9.8119755
10.420105,9.741028
10.252506,9.82558
10.058456,9.7981825
10.0954685,9.711176
10.355441,9.741028
10.035064,9.761405
10.037006,9.755626
10.101055,9.64866
10.079529,9.711176
10.075112,9.581973
9.962246,9.546884
9.966196,9.472781
10.208612,9.392745
10.198811,10.167427
10.268406,10.167427
9.989661,9.392745
9.686823,8.699681
9.737036,9.639587
9.840683,9.862718
10.249096,9.506065
10.095913,9.639587
9.863348,9.862718
9.615202,9.757363
10.177611,9.862718
9.442387,9.431963
10.094436,9.392745
10.280096,10.555839
9.953974,9.639587
9.843108,9.351927
9.84432,9.862718
10.197042,9.757363
9.741722,9.862718
9.803748,9.700208
9.442278,9.862718
9.483078,9.862718
10.105696,9.639587
9.9755535,9.862718
9.733953,9.862718
9.518923,9.639587
9.506804,9.862718
10.184639,9.169622
10.251577,9.169622
10.041361,10.422311
9.914164,9.862718
10.023648,8.812992
9.519286,9.729194
9.967397,9.700208
10.126155,9.862718
9.922166,9.862718
9.629526,9.431963
10.155981,9.862718
10.2351465,9.639587
10.103411,9.218408
10.111232,9.639587
10.273426,9.862718
10.105982,9.506065
10.073208,9.862718
10.180208,9.639587
10.135744,9.862718
9.581457,9.506065
10.091135,9.757363
9.9561,9.639587
10.101133,9.639587
9.893457,9.392745
9.970697,9.729194
9.482243,9.862718
9.70912,9.729194
9.937701,9.392745
9.969506,9.862718
9.824644,9.9804945
9.7299595,9.729194
9.822165,9.169622
9.783241,9.264923
9.957626,9.639587
10.218962,8.946505
9.977335,9.351927
10.109034,9.757363
9.985052,10.2036295
10.342885,11.461642
10.28475,11.225257
10.110586,11.289794
10.421507,11.320565
10.162077,11.338584
10.438052,11.191356
10.109335,11.248973
10.399502,10.959558
10.270418,10.993749
10.448545,11.115443
10.460096,10.910551
10.447922,10.8685875
10.442143,10.915107
10.272509,10.8685875
10.24871,10.915107
10.3781185,10.907807
10.365648,10.851296
10.504197,10.8685875
10.42959,10.915107
10.241589,10.915107
10.360112,10.819798
10.266882,10.915107
10.4107,10.819798
10.075302,10.819798
10.447142,10.819798
10.489859,10.819798
10.2544155,10.819798
10.478115,10.899089
10.359364,10.736419
10.279051,10.691968
10.288352,10.757924
10.33765,10.126671
10.492444,10.768506
10.285212,10.657283
10.325698,10.59666
10.272917,10.71444
10.51127,10.71444
10.327802,10.558439
10.389112,10.668979
10.234457,10.778977
10.1636505,10.571342
10.326973,10.72549
10.574465,10.680539
10.3013,10.72549
10.227467,10.633472
10.3761835,10.633472
10.389624,10.59666
10.36194,10.59666
10.213067,10.657283
10.327265,10.558439
10.331928,10.532123
10.165537,10.021315
10.21649,10.021315
10.511961,10.59666
10.324482,10.59666
10.3499975,10.59666
10.322166,10.657283
10.255724,10.633472
10.304386,10.657283
10.402099,10.59666
10.429186,10.609082
10.489525,10.540196
10.402716,10.59666
9.986561,10.463132
10.4153,10.532123
10.436129,10.532123
10.439909,10.532123
10.309052,10.532123
10.111472,10.532123
10.254028,10.532123
10.324091,10.518701
10.281088,10.532123
10.423111,10.463132
10.240301,10.448744
10.442395,10.463132
10.322345,10.436202
10.133662,10.491302
10.150044,10.463132
10.386544,10.357775
10.398254,10.389026
10.319061,10.308986
10.340414,10.357775
10.468006,10.463132
10.331485,10.289973
10.320494,10.434145
10.311693,10.463132
10.164521,10.308986
10.089262,10.389026
10.254022,10.389026
10.214018,10.308986
10.21411,10.308986
10.355186,10.330225
10.297729,10.308986
10.361568,10.325515
10.4308815,10.373523
10.4198675,10.308986
10.271683,10.389026
10.301695,10.47788
10.4167,10.126671
10.2799225,10.308986
10.1968775,10.126671
10.462719,10.275085
10.322111,10.221977
10.247948,10.221977
10.285748,10.221977
10.332705,10.308986
10.323463,10.308986
10.291989,10.221977
10.18001,10.239996
10.170111,10.221977
10.561514,10.1849375
10.350893,10.106469
10.363728,10.126671
10.389294,10.126671
10.381122,10.146473
10.440807,10.221977
10.379962,10.2036295
10.357703,10.153506
9.895543,10.085851
10.533313,10.126671
10.281927,10.126671
10.203226,10.126671
10.36731,9.952325
10.31151,10.021315
10.144618,10.099629
10.193188,10.099629
10.388224,10.064798
10.299735,10.065649
10.215224,10.12507
10.221549,10.064798
10.390593,10.043293
10.259427,9.841665
10.177959,9.685393
10.308489,9.64866
10.279185,9.350189
10.361877,10.085851
10.374702,10.463132
10.309448,10.680539
10.397742,10.915107
10.275508,11.115443
10.195795,10.874286
10.097401,11.338584
10.247566,10.758775
10.064369,10.961295
10.196255,10.961295
10.305567,11.264477
10.339451,11.233225
10.325559,11.279744
10.214807,10.819798
10.243921,11.264477
10.281687,10.221977
10.3507805,10.59666
10.302196,10.389026
10.390003,9.741028
10.416447,10.363472
10.263498,10.275085
10.430086,10.393325
10.280566,11.350418
10.4036,11.496806
10.291056,11.496806
10.440582,10.165891
10.387016,10.126671
10.379923,10.71444
10.340016,10.463132
10.155205,9.770013
10.268115,10.463132
10.27466,10.221977
10.084548,10.021315
10.434996,10.71444
10.282602,10.021315
10.226263,9.770013
10.196074,10.021315
10.123066,10.221977
10.25885,10.463132
10.308009,10.221977
10.0380125,9.770013
10.159882,9.770013
10.114861,10.221977
10.055563,10.021315
9.977939,10.221977
10.211899,10.021315
10.10896,9.770013
10.406833,10.221977
10.322603,10.221977
10.298614,10.021315
10.238432,9.770013
10.211042,9.770013
10.220131,10.221977
10.041133,9.770013
10.058757,9.770013
10.137188,9.770013
10.219094,10.021315
10.01173,10.021315
9.795048,10.021315
10.494909,10.819798
10.316162,9.741028
10.330338,11.350418
10.042706,11.350418
10.239789,10.357775
10.021632,11.472114
10.430533,11.082158
10.361132,10.532123
10.418081,10.71444
10.363886,10.819798
10.34082,11.002116
10.132347,11.225257
10.093098,11.184435
10.271914,9.564583
10.215229,9.770013
10.014935,10.738156
10.364033,10.308986
10.371792,9.998843
10.318924,9.4844055
10.160725,9.506065
10.145275,10.758775
10.079451,10.651147
10.269125,9.636457
10.4421625,10.71444
10.099928,10.199175
10.074697,10.373523
10.012299,10.914888
10.099928,10.199175
9.977605,10.837245
10.4541025,10.818197
9.923927,10.27846
9.540973,10.393325
10.039125,10.199175
10.386372,10.994084
10.005139,10.434145
9.949913,11.248973
10.158084,11.248973
10.210972,11.512936
10.194759,10.819798
10.280951,10.043293
9.992478,9.7981825
10.619927,10.915107
10.086779,10.915107
10.291997,10.915107
9.985662,10.915107
9.37721,10.915107
10.271688,11.002116
9.85125,10.819798
10.312689,10.71444
9.660261,10.71444
9.764649,10.71444
9.974976,10.59666
9.570223,10.71444
9.550961,10.657283
10.242438,10.72549
9.879969,10.633472
9.896453,10.633472
10.037401,10.532123
10.005304,10.518701
10.132991,10.434145
10.271606,10.59666
10.264752,10.532123
10.190806,10.491302
10.122425,10.518701
10.13564,10.434145
10.2469425,10.308986
9.878031,10.325515
9.658829,10.257694
10.15686,10.341775
10.259678,10.221977
10.224588,10.308986
10.247982,10.2036295
10.168938,10.193728
9.698856,10.043293
10.291019,10.021315
10.180622,10.021315
9.844065,10.021315
9.979912,9.998843
10.077499,9.998843
10.253458,9.407797
10.166681,10.584082
10.19858,10.308986
10.342548,10.341775
10.3366165,9.928229
9.968161,10.71444
10.053252,10.126671
9.789307,10.389026
10.115061,9.903538
10.407702,9.928229
10.329913,10.896758
10.258148,10.993749
10.342236,10.915107
10.263935,11.608245
10.389535,11.407576
9.979455,11.512936
10.296158,11.512936
10.243725,10.043293
10.374771,10.509169
10.298779,10.363472
10.069485,9.64866
10.321476,10.064798
10.12811,10.579768
10.231345,10.308986
9.908176,10.673619
10.497374,10.239996
10.404341,10.933125
10.19251,11.156265
10.079306,10.558439
10.423643,10.504547
10.419113,9.852247
9.685882,9.792612
10.175377,11.512936
9.254471,11.302217
9.682197,9.615872
9.778512,9.615872
9.685432,9.903538
9.719291,9.852247
10.422552,10.59666
10.135565,8.518592
10.207809,10.034559
10.176896,10.308986
10.314367,10.034559
10.213154,9.65509
9.824455,10.034559
10.125262,10.034559
9.866486,10.034559
10.279648,10.034559
10.074804,10.034559
10.156399,10.034559
10.167955,10.034559
9.860376,10.034559
10.272424,10.034559
10.2093525,10.034559
10.449696,10.657283
